deg,mos_pred,noi_pred,dis_pred,col_pred,loud_pred,model
sp06.wav,3.702431,4.2796006,4.5136023,2.3751447,3.8873844,NISQAv2
sp20.wav,3.5834575,4.0861435,4.423195,2.6256776,3.8220575,NISQAv2
sp17.wav,3.5830765,3.1390398,4.357293,2.3211627,3.7637315,NISQAv2
sp05.wav,3.572695,3.9585183,4.583026,2.1503086,3.9117808,NISQAv2
sp08.wav,3.5603166,4.1435704,4.319226,2.6703436,3.9223263,NISQAv2
sp15.wav,3.494537,3.654887,4.381554,2.5937572,3.8751373,NISQAv2
sp04.wav,3.4850185,4.1736264,4.364127,2.586273,4.031359,NISQAv2
sp09.wav,3.4845543,3.68072,4.3860493,2.2769597,3.6410975,NISQAv2
sp10.wav,3.4633887,3.92443,4.1608753,2.3777611,3.759621,NISQAv2
sp07.wav,3.4502523,3.9919648,4.311279,2.3518941,3.8869822,NISQAv2
sp03.wav,3.4052522,3.8656166,4.419078,2.6550353,3.9205968,NISQAv2
sp19.wav,3.366673,3.7809827,4.3710318,2.4581478,3.683902,NISQAv2
sp18.wav,3.2838671,3.5202918,4.0897207,2.0989425,3.2427158,NISQAv2
sp22.wav,3.277569,2.874548,4.397004,2.5471861,3.7572834,NISQAv2
sp01.wav,3.2618487,3.492212,4.1869287,2.0657928,3.5274389,NISQAv2
sp14.wav,3.2609227,3.747328,4.295767,2.6377852,3.8095882,NISQAv2
sp02.wav,3.2384336,3.3508918,4.5451345,2.4579957,3.9527593,NISQAv2
sp11.wav,3.144814,3.350518,4.1480083,2.4219148,3.5990734,NISQAv2
sp29.wav,3.138204,3.4882739,4.228283,2.2818677,3.7313125,NISQAv2
sp27.wav,3.1164515,3.1509664,4.3124857,2.1094508,3.741895,NISQAv2
sp24.wav,3.1087406,3.5697813,4.1085596,2.1776352,3.6002154,NISQAv2
sp30.wav,3.0661387,2.391792,4.238744,2.5021973,3.7130795,NISQAv2
sp12.wav,3.064338,3.4470158,3.2006776,2.347411,3.4321635,NISQAv2
sp28.wav,3.0277898,3.065663,4.0482397,2.2380092,3.4023917,NISQAv2
sp23.wav,2.9535062,3.4209876,4.1367483,2.404583,3.6217923,NISQAv2
sp21.wav,2.9295535,2.9845345,4.3111687,2.3590739,3.7480483,NISQAv2
sp13.wav,2.8716419,3.18459,4.2133784,2.0425138,3.5694544,NISQAv2
sp25.wav,2.7798426,3.1448271,3.8220356,2.2220623,3.3838248,NISQAv2
sp26.wav,2.7374513,2.5657852,4.10787,2.2852025,3.66635,NISQAv2
sp16.wav,2.7295866,3.3512027,3.411099,2.0000193,2.925514,NISQAv2
sp02_station_sn15.wav,2.695315,1.655084,4.3511868,2.4593515,3.7095764,NISQAv2
sp08_exhibition_sn15.wav,2.6495495,1.7500255,4.4855075,2.1710515,3.4955878,NISQAv2
sp07_restaurant_sn15.wav,2.6408088,1.467273,4.477617,2.5490286,3.5540192,NISQAv2
sp05_exhibition_sn15.wav,2.594335,1.6317227,4.5866485,2.1926486,3.7656944,NISQAv2
sp08_restaurant_sn15.wav,2.5771074,1.4151692,4.4977016,2.2912934,3.694932,NISQAv2
sp20_restaurant_sn15.wav,2.5672429,1.9424982,4.4598145,2.2552736,3.4875245,NISQAv2
sp22_airport_sn15.wav,2.564079,1.4912901,4.425942,2.6475532,3.5117164,NISQAv2
sp28_restaurant_sn15.wav,2.562417,1.5919893,4.395827,2.3664174,3.6502945,NISQAv2
sp29_restaurant_sn15.wav,2.5455325,1.793786,4.595278,2.6367052,3.8168156,NISQAv2
sp21_exhibition_sn15.wav,2.5408776,1.1775105,4.2814217,2.6723492,3.676224,NISQAv2
sp04_exhibition_sn15.wav,2.5294373,1.3659303,4.486259,2.588609,3.8545218,NISQAv2
sp16_restaurant_sn15.wav,2.5290744,1.762205,4.563845,2.1616752,3.7242699,NISQAv2
sp07_exhibition_sn10.wav,2.5268576,1.4481252,4.4682527,2.422716,3.4464269,NISQAv2
sp03_exhibition_sn15.wav,2.5146751,1.4634491,4.3646283,2.2911196,3.4478486,NISQAv2
sp20_exhibition_sn15.wav,2.5111845,1.5632585,4.3079996,2.278009,3.5763295,NISQAv2
sp02_restaurant_sn15.wav,2.511035,1.6753464,4.424455,2.825513,3.2820973,NISQAv2
sp05_street_sn15.wav,2.487714,1.3250356,4.341343,2.7264078,3.385504,NISQAv2
sp26_restaurant_sn15.wav,2.4856732,2.3958158,4.464783,2.5483067,3.7357445,NISQAv2
sp29_exhibition_sn15.wav,2.4817445,1.5376025,4.5051904,2.3509805,3.7784424,NISQAv2
sp22_restaurant_sn15.wav,2.4810379,1.4349211,4.4012938,2.7316113,3.3792295,NISQAv2
sp01_airport_sn15.wav,2.4802558,1.6900592,4.366152,2.4404385,3.5882885,NISQAv2
sp04_restaurant_sn15.wav,2.4780757,2.017446,4.638051,2.5331135,3.7985299,NISQAv2
sp27_exhibition_sn15.wav,2.4737103,1.2551503,4.3952837,2.5686748,3.6274161,NISQAv2
sp30_restaurant_sn15.wav,2.4587061,1.4203233,4.3108454,2.372575,3.5926726,NISQAv2
sp04_airport_sn15.wav,2.4546254,1.8251398,4.6694393,2.9122622,3.9857392,NISQAv2
sp02_airport_sn15.wav,2.4505436,1.6226442,4.472537,2.3703136,3.6575062,NISQAv2
sp09_restaurant_sn15.wav,2.4449646,1.5451114,4.2489924,2.2623692,3.0464156,NISQAv2
sp22_babble_sn15.wav,2.4415212,1.4983175,4.360609,2.4416878,3.3734653,NISQAv2
sp02_exhibition_sn15.wav,2.439677,1.4279004,4.3145366,2.4387956,3.285416,NISQAv2
sp11_exhibition_sn15.wav,2.4351554,1.381132,4.35651,2.4857752,3.4379964,NISQAv2
sp23_exhibition_sn15.wav,2.4335663,1.4231025,4.3068213,2.2196352,3.442109,NISQAv2
sp01_restaurant_sn15.wav,2.4186192,1.5088277,4.420119,2.2486212,3.3834171,NISQAv2
sp03_restaurant_sn15.wav,2.414463,1.4977959,4.3176465,2.392171,3.424311,NISQAv2
sp16_airport_sn15.wav,2.4107425,1.682004,4.55935,2.2027,3.6084642,NISQAv2
sp05_restaurant_sn15.wav,2.4099398,1.595497,4.676507,2.456601,3.8966196,NISQAv2
sp06_exhibition_sn15.wav,2.3922362,1.53918,4.3722973,2.05669,3.2578747,NISQAv2
sp08_babble_sn15.wav,2.3846803,1.6238406,4.550084,2.4887881,3.492289,NISQAv2
sp23_airport_sn15.wav,2.3820858,1.5215459,4.5123677,2.1014912,3.5378425,NISQAv2
sp13_exhibition_sn15.wav,2.366929,1.2516491,4.378958,2.5482216,3.6011226,NISQAv2
sp27_airport_sn15.wav,2.3637571,1.4402821,4.4495134,2.3759544,3.7939947,NISQAv2
sp14_exhibition_sn15.wav,2.3534951,1.4724063,4.358653,2.2191873,3.3481941,NISQAv2
sp24_restaurant_sn15.wav,2.3459287,1.4120866,4.2975082,2.2529254,3.2348113,NISQAv2
sp16_exhibition_sn15.wav,2.3401196,1.2940291,4.3573985,2.305351,3.663442,NISQAv2
sp20_babble_sn15.wav,2.335562,1.9189521,4.3625154,2.2490113,3.3408308,NISQAv2
sp21_station_sn15.wav,2.3330185,1.3107771,4.323956,2.6221063,3.7675545,NISQAv2
sp05_airport_sn15.wav,2.3319066,1.452761,4.569019,2.411771,3.92337,NISQAv2
sp09_babble_sn15.wav,2.3209,1.723722,4.2798576,2.5532687,2.6726906,NISQAv2
sp28_airport_sn15.wav,2.3203743,1.7142011,4.2453127,2.336199,3.4777827,NISQAv2
sp22_exhibition_sn15.wav,2.3135092,1.4746741,4.3282433,2.3816786,2.9424946,NISQAv2
sp02_street_sn15.wav,2.3127656,1.3992425,4.280526,2.697854,3.1117141,NISQAv2
sp20_street_sn15.wav,2.3097112,1.6981974,4.045522,2.4897053,3.2548862,NISQAv2
sp02_babble_sn15.wav,2.3092585,1.5214303,4.415222,2.5200624,3.506774,NISQAv2
sp28_babble_sn15.wav,2.3046346,1.6951702,4.276909,2.404929,3.3479843,NISQAv2
sp21_restaurant_sn15.wav,2.3042147,1.3411677,4.409018,2.5770621,3.7655923,NISQAv2
sp16_babble_sn15.wav,2.3023002,1.7282658,4.522209,2.1223514,3.60799,NISQAv2
sp07_babble_sn15.wav,2.295991,1.571889,4.3393493,2.7021947,3.3037515,NISQAv2
sp10_restaurant_sn15.wav,2.2943892,1.5184072,4.1153274,2.5626845,3.1915414,NISQAv2
sp28_exhibition_sn15.wav,2.292104,1.332603,4.282438,2.3343537,3.566206,NISQAv2
sp02_car_sn15.wav,2.2902446,1.6406124,4.3408513,2.3990183,3.448896,NISQAv2
sp27_restaurant_sn15.wav,2.288409,1.374834,4.3903723,2.3790245,3.6781304,NISQAv2
sp07_exhibition_sn15.wav,2.283564,1.4678011,4.4329095,2.4090133,2.9449694,NISQAv2
sp15_exhibition_sn15.wav,2.2826757,1.2591658,4.13311,2.6166368,3.0484176,NISQAv2
sp07_airport_sn15.wav,2.278525,1.5435635,4.3595166,2.6067963,3.3600543,NISQAv2
sp06_restaurant_sn15.wav,2.2780285,1.6562314,4.3095765,2.3655503,3.1341877,NISQAv2
sp23_babble_sn15.wav,2.2779655,1.6651218,4.4595113,2.3119147,3.2220082,NISQAv2
sp18_airport_sn15.wav,2.2768562,1.8377929,4.343748,2.4131231,3.5441487,NISQAv2
sp12_station_sn15.wav,2.2759657,1.4220471,4.2657413,2.2982392,3.4087722,NISQAv2
sp09_exhibition_sn15.wav,2.2709396,1.703719,4.1110063,1.9153486,2.8015523,NISQAv2
sp21_airport_sn15.wav,2.2674546,1.3767555,4.426051,2.440018,3.795417,NISQAv2
sp03_babble_sn15.wav,2.2645986,1.6697402,4.307803,2.4176495,3.408388,NISQAv2
sp21_exhibition_sn10.wav,2.25757,1.2638165,4.308673,2.4931614,3.5259638,NISQAv2
sp30_exhibition_sn15.wav,2.2556088,1.2387707,4.290497,2.6161997,3.6061633,NISQAv2
sp01_station_sn15.wav,2.2508748,1.4923843,4.424968,2.4173853,3.3523924,NISQAv2
sp29_exhibition_sn10.wav,2.2480657,1.2783909,4.49782,2.4211228,3.8190563,NISQAv2
sp27_babble_sn15.wav,2.2479813,1.3654753,4.3308315,2.511365,3.4887612,NISQAv2
sp10_exhibition_sn15.wav,2.2430115,1.4492071,4.186225,2.3684318,3.1181924,NISQAv2
sp12_exhibition_sn15.wav,2.241858,1.2197536,4.3633146,2.4733775,3.2737522,NISQAv2
sp20_airport_sn15.wav,2.2410488,2.060618,4.326273,2.5349824,3.4590147,NISQAv2
sp18_restaurant_sn15.wav,2.2291505,1.7842777,4.4786654,2.5127358,3.3911486,NISQAv2
sp09_airport_sn15.wav,2.2279541,1.6564307,4.371502,2.241632,3.007157,NISQAv2
sp15_restaurant_sn15.wav,2.2259207,1.385536,4.147672,2.4735732,3.1843617,NISQAv2
sp13_restaurant_sn15.wav,2.2191541,1.3072453,4.470093,2.5588865,3.6467528,NISQAv2
sp05_babble_sn15.wav,2.2162828,1.369952,4.336272,2.423042,3.8529541,NISQAv2
sp01_exhibition_sn15.wav,2.206243,1.3302474,4.2499056,2.2989647,2.9929805,NISQAv2
sp25_exhibition_sn15.wav,2.2028415,1.1533191,4.4027877,2.367133,3.4574597,NISQAv2
sp10_station_sn15.wav,2.1984744,1.558854,3.4847877,2.7620416,3.5932844,NISQAv2
sp06_babble_sn15.wav,2.1965425,1.6218977,4.3602333,2.6008413,3.0521991,NISQAv2
sp21_babble_sn15.wav,2.195527,1.4185255,4.3561087,2.4582229,3.593868,NISQAv2
sp30_airport_sn15.wav,2.19149,1.6559334,4.0983086,2.5051908,3.434461,NISQAv2
sp22_car_sn15.wav,2.1882727,1.4237485,4.2017555,2.5117207,2.8944345,NISQAv2
sp01_babble_sn15.wav,2.1859093,1.4782602,4.506462,2.514421,3.3923287,NISQAv2
sp14_restaurant_sn15.wav,2.1853647,1.4761498,4.1867094,2.3016856,3.3431628,NISQAv2
sp06_airport_sn15.wav,2.1818438,1.9348644,4.3323383,2.269956,3.2278383,NISQAv2
sp04_babble_sn15.wav,2.1808636,1.7003543,4.5636573,2.967272,3.7304406,NISQAv2
sp01_street_sn15.wav,2.178038,1.2396392,4.356845,2.6768873,3.6210637,NISQAv2
sp21_car_sn15.wav,2.1713774,1.4985025,4.1491895,2.7468836,3.6080358,NISQAv2
sp18_babble_sn15.wav,2.1678038,1.5891427,4.439,2.3201756,3.102444,NISQAv2
sp08_street_sn15.wav,2.1659229,1.6594601,4.4046144,2.7409685,3.2398546,NISQAv2
sp02_exhibition_sn10.wav,2.163538,1.378946,4.5377274,2.3080246,3.2756693,NISQAv2
sp07_station_sn15.wav,2.163494,1.5470243,4.3157263,2.75576,3.1578274,NISQAv2
sp28_street_sn15.wav,2.1630142,1.6676418,4.0615525,2.4875548,3.354709,NISQAv2
sp12_restaurant_sn15.wav,2.1620595,1.3919858,4.164173,2.4800665,3.159655,NISQAv2
sp30_babble_sn15.wav,2.1619365,1.5382459,4.150011,2.4882092,3.3117769,NISQAv2
sp28_car_sn15.wav,2.1589868,1.6059844,4.1112876,2.4160495,3.5308874,NISQAv2
sp09_street_sn15.wav,2.1570737,1.5788256,3.974007,2.0967922,2.4965243,NISQAv2
sp29_street_sn15.wav,2.1560874,1.4464611,4.4375634,2.4633763,3.7644944,NISQAv2
sp14_airport_sn15.wav,2.150998,1.5441786,4.4095187,2.4154496,3.4454846,NISQAv2
sp03_street_sn15.wav,2.1470244,1.5703292,4.059485,2.4040241,3.2917855,NISQAv2
sp12_airport_sn15.wav,2.132947,1.2984579,4.1774397,2.4459305,3.3860772,NISQAv2
sp26_babble_sn15.wav,2.1285565,1.7508185,4.3731923,2.479748,3.3308213,NISQAv2
sp19_restaurant_sn15.wav,2.1222792,1.6193676,4.461077,2.389081,3.4240546,NISQAv2
sp04_station_sn15.wav,2.1211138,2.0626836,4.4623137,3.0527585,3.7915883,NISQAv2
sp19_exhibition_sn15.wav,2.1188707,1.1905074,4.0795856,2.2008994,2.9299924,NISQAv2
sp06_car_sn15.wav,2.117539,1.7875535,4.173768,2.220658,2.8186612,NISQAv2
sp22_station_sn15.wav,2.1150074,1.4266716,4.0847692,2.4725623,2.6824098,NISQAv2
sp05_car_sn15.wav,2.114011,1.3750517,4.456437,2.7030919,3.827452,NISQAv2
sp08_station_sn15.wav,2.1126997,1.4751787,4.4054356,2.4870353,3.4281485,NISQAv2
sp03_station_sn15.wav,2.1123514,1.6802243,4.2854366,2.457326,3.4028344,NISQAv2
sp23_street_sn15.wav,2.105268,1.5282097,4.229341,2.3947008,3.250888,NISQAv2
sp25_babble_sn15.wav,2.101346,1.4816724,4.280126,2.1154819,3.2887976,NISQAv2
sp30_airport_sn10.wav,2.0981786,1.5204816,4.179941,2.422998,3.3844333,NISQAv2
sp08_car_sn15.wav,2.0960987,1.5458419,4.355899,2.428778,3.4405959,NISQAv2
sp15_babble_sn15.wav,2.0944693,1.4542722,4.082975,2.482543,3.2600358,NISQAv2
sp17_restaurant_sn15.wav,2.0911996,1.612695,4.0872273,2.3345277,2.5693235,NISQAv2
sp08_airport_sn15.wav,2.0873494,1.7891289,4.491163,2.5324433,3.2366736,NISQAv2
sp29_airport_sn10.wav,2.080712,1.9252939,4.5782385,2.6019666,3.7048316,NISQAv2
sp10_airport_sn15.wav,2.079426,1.5832214,4.3150496,2.6177657,3.400795,NISQAv2
sp28_airport_sn10.wav,2.0786958,1.6801279,4.158547,2.4922035,3.4393528,NISQAv2
sp29_babble_sn15.wav,2.0771735,1.7384034,4.5112476,2.5719461,3.5638168,NISQAv2
sp30_street_sn15.wav,2.0759456,1.6174018,3.919829,2.384847,3.4127967,NISQAv2
sp12_babble_sn15.wav,2.0717182,1.4317493,4.131185,2.4500897,3.113436,NISQAv2
sp30_car_sn15.wav,2.0645018,1.509711,4.0513325,2.5307834,3.282652,NISQAv2
sp26_exhibition_sn15.wav,2.0585706,1.4676932,4.2682476,2.5363767,3.4104753,NISQAv2
sp15_airport_sn15.wav,2.0543728,1.6181444,3.9804757,2.4676359,3.3154552,NISQAv2
sp10_babble_sn15.wav,2.0510936,1.662121,4.4454937,2.5739775,3.4308302,NISQAv2
sp24_babble_sn15.wav,2.0436976,1.2871758,4.2505217,2.3101313,2.9940867,NISQAv2
sp03_airport_sn15.wav,2.0420794,1.6879498,4.2684393,2.5400813,3.3081608,NISQAv2
sp18_street_sn15.wav,2.0409558,1.6449864,4.1709347,2.4590476,2.9087293,NISQAv2
sp11_restaurant_sn15.wav,2.0366104,1.3307124,4.3034797,2.3566413,3.34754,NISQAv2
sp23_restaurant_sn15.wav,2.0279434,1.4171698,4.071805,2.0929074,2.7645445,NISQAv2
sp01_car_sn15.wav,2.025594,1.2999603,4.4993105,2.5011413,3.623925,NISQAv2
sp18_car_sn15.wav,2.0138173,1.6793627,4.2885,2.2378821,3.2026784,NISQAv2
sp07_airport_sn10.wav,2.012789,1.7101855,4.4159245,2.6591253,3.1441228,NISQAv2
sp27_car_sn15.wav,2.0127695,1.5961891,4.2861385,2.3616574,3.6811783,NISQAv2
sp25_restaurant_sn15.wav,2.0116553,1.4435277,4.141696,2.1441486,3.0802433,NISQAv2
sp21_street_sn15.wav,2.010568,1.2313919,4.2411914,2.6670961,3.633149,NISQAv2
sp14_babble_sn15.wav,2.0096514,1.5784298,4.326204,2.5774271,3.0226846,NISQAv2
sp20_car_sn15.wav,2.0068057,1.6551136,4.0204062,2.0391002,2.9718752,NISQAv2
sp09_babble_sn10.wav,2.006016,1.6812761,4.296798,2.4161665,2.3431845,NISQAv2
sp27_restaurant_sn10.wav,2.003115,1.3454044,4.1623707,2.6702085,3.1801229,NISQAv2
sp15_car_sn15.wav,1.9987657,1.3736458,3.9379823,2.509157,3.0111382,NISQAv2
sp19_station_sn15.wav,1.9971459,1.7785629,4.198537,2.4152572,2.6057346,NISQAv2
sp18_restaurant_sn10.wav,1.988896,1.7540274,4.0819206,2.5005083,3.3013551,NISQAv2
sp27_street_sn15.wav,1.9873457,1.284979,4.288052,2.5242026,3.6829772,NISQAv2
sp10_street_sn15.wav,1.9826952,1.6216748,4.147685,2.6089654,3.2167547,NISQAv2
sp12_restaurant_sn10.wav,1.9824377,1.5189202,4.0936007,2.3729975,3.1739655,NISQAv2
sp25_station_sn15.wav,1.9814016,1.3127582,4.1199584,2.3147826,3.2743127,NISQAv2
sp07_restaurant_sn10.wav,1.9797012,1.4129686,4.3000145,2.8132372,2.865609,NISQAv2
sp20_station_sn15.wav,1.9795226,1.6742991,4.147289,2.0878334,3.0922253,NISQAv2
sp07_street_sn15.wav,1.9755089,1.4122609,4.231701,2.7599506,3.10336,NISQAv2
sp25_airport_sn15.wav,1.9743311,1.456669,4.108755,2.324126,3.1073546,NISQAv2
sp07_car_sn15.wav,1.9739549,1.4767028,4.346655,2.4005952,3.2449386,NISQAv2
sp18_exhibition_sn15.wav,1.9710464,1.3578075,4.0228276,2.3902771,2.8405585,NISQAv2
sp25_car_sn15.wav,1.9690835,1.2667358,4.166283,2.4673512,3.3584166,NISQAv2
sp26_airport_sn15.wav,1.9687821,1.6501495,4.35001,2.8006117,3.0938494,NISQAv2
sp15_street_sn15.wav,1.9650142,1.3673525,4.0041947,2.501534,2.6775193,NISQAv2
sp04_car_sn15.wav,1.9615731,1.7616905,4.450371,2.5050876,3.71747,NISQAv2
sp01_exhibition_sn5.wav,1.9595991,1.4707804,4.4187403,2.3314245,3.0499287,NISQAv2
sp01_train_sn10.wav,1.9587777,1.2757941,4.2640653,2.331383,2.468613,NISQAv2
sp25_street_sn15.wav,1.9530083,1.3634675,4.1745596,2.3275425,3.2739103,NISQAv2
sp29_car_sn15.wav,1.9500345,1.486659,4.4104633,2.5603392,3.5933034,NISQAv2
sp06_street_sn15.wav,1.949799,1.5806655,4.28788,2.6638238,2.3868523,NISQAv2
sp06_babble_sn10.wav,1.9451793,1.7798184,4.3139806,2.5296588,2.6734524,NISQAv2
sp28_station_sn15.wav,1.940144,1.4526844,3.9957142,2.3709648,3.275143,NISQAv2
sp22_street_sn15.wav,1.9275167,1.2671363,3.9923596,2.6300826,2.1699455,NISQAv2
sp16_station_sn15.wav,1.9270751,1.7006613,4.2114673,2.221762,3.5573828,NISQAv2
sp26_car_sn15.wav,1.9165804,1.7167853,4.266614,2.753734,3.3165224,NISQAv2
sp12_exhibition_sn10.wav,1.9134122,1.3660285,4.1728954,2.3233964,2.9769502,NISQAv2
sp22_restaurant_sn10.wav,1.9119089,1.3573674,3.939984,2.1119227,2.3675535,NISQAv2
sp24_exhibition_sn15.wav,1.9112809,1.1302804,4.0480237,2.11246,2.6665618,NISQAv2
sp29_restaurant_sn10.wav,1.9094508,1.4518605,4.5792465,2.5645964,3.731321,NISQAv2
sp03_airport_sn10.wav,1.9083602,1.5912135,4.3644824,2.1654224,3.27968,NISQAv2
sp07_station_sn10.wav,1.9061288,1.6831918,4.1390676,2.54682,2.4904103,NISQAv2
sp02_station_sn10.wav,1.905236,1.6757406,4.15425,2.8635728,2.5998294,NISQAv2
sp03_car_sn15.wav,1.9029377,1.4768858,4.1243153,2.3237824,3.1212404,NISQAv2
sp30_station_sn15.wav,1.9015032,1.2723963,3.9343965,2.51037,3.1973948,NISQAv2
sp05_airport_sn10.wav,1.8975855,1.3832791,4.478517,2.6610394,3.7393472,NISQAv2
sp08_restaurant_sn10.wav,1.8944513,1.5705439,4.3090544,2.2999349,2.762643,NISQAv2
sp24_car_sn15.wav,1.8923613,1.0740542,4.091118,2.3892987,3.169935,NISQAv2
sp17_babble_sn15.wav,1.8901023,1.5831072,4.0524764,2.5715659,2.3724222,NISQAv2
sp04_train_sn10.wav,1.8875636,1.3362454,4.122097,2.5338347,2.603944,NISQAv2
sp19_car_sn15.wav,1.8845499,1.2534665,4.2590246,2.4251359,3.3042762,NISQAv2
sp22_station_sn10.wav,1.8806603,1.4521072,3.9603734,2.443352,2.566123,NISQAv2
sp09_station_sn15.wav,1.8802247,1.6067935,4.135035,2.4736047,2.54766,NISQAv2
sp01_restaurant_sn10.wav,1.8760078,1.4255973,4.3971624,2.3052692,3.1679912,NISQAv2
sp25_airport_sn10.wav,1.8729806,1.4334017,4.1555624,2.1780806,3.17136,NISQAv2
sp29_airport_sn15.wav,1.8726697,1.8478345,4.497126,2.581723,3.6813018,NISQAv2
sp10_car_sn15.wav,1.8683597,1.5596573,4.184076,2.4719594,3.1796074,NISQAv2
sp24_airport_sn15.wav,1.8662583,1.2235049,4.1240506,2.3931675,2.8609095,NISQAv2
sp02_restaurant_sn10.wav,1.8635911,1.5601099,4.0418615,2.336433,2.5544236,NISQAv2
sp24_street_sn15.wav,1.8626775,1.1326232,4.118997,2.43841,2.9478252,NISQAv2
sp26_street_sn15.wav,1.8622122,1.7091492,4.074294,2.7228549,3.2150748,NISQAv2
sp23_car_sn15.wav,1.8556883,1.5136404,4.2109337,2.2668238,3.176391,NISQAv2
sp12_car_sn15.wav,1.8541172,1.2998041,4.0833893,2.5652964,3.3054073,NISQAv2
sp27_station_sn15.wav,1.8529353,1.3266685,4.1028657,2.5427697,3.560086,NISQAv2
sp07_street_sn10.wav,1.8501588,1.4554834,4.286818,2.737285,2.5016356,NISQAv2
sp28_restaurant_sn10.wav,1.8497266,1.6681497,4.1789465,2.334688,3.0519774,NISQAv2
sp26_station_sn10.wav,1.8489027,1.9700742,4.2163496,3.0457919,3.1700203,NISQAv2
sp04_exhibition_sn10.wav,1.8478802,1.5017462,4.1478853,2.5556824,3.2457998,NISQAv2
sp17_airport_sn15.wav,1.8449372,1.6824365,4.041352,2.418958,2.3694432,NISQAv2
sp13_car_sn15.wav,1.8448452,1.4034312,4.157176,2.644285,3.5814996,NISQAv2
sp04_restaurant_sn10.wav,1.8391776,1.7982078,4.4211407,2.7645447,3.504635,NISQAv2
sp15_station_sn15.wav,1.8384501,1.398121,3.968835,2.6152532,3.098243,NISQAv2
sp07_babble_sn10.wav,1.8372017,1.5447186,4.256232,2.6648972,2.6264405,NISQAv2
sp29_babble_sn10.wav,1.835565,1.6553297,4.428302,2.6684897,3.473808,NISQAv2
sp29_station_sn15.wav,1.835137,1.670617,4.3760424,2.6161785,3.532554,NISQAv2
sp01_exhibition_sn10.wav,1.8283669,1.2789226,4.179846,2.303415,2.6411366,NISQAv2
sp26_restaurant_sn5.wav,1.8241321,1.719701,4.1624494,2.6829097,3.2079892,NISQAv2
sp06_station_sn15.wav,1.8233141,1.7640254,4.2586174,2.3404796,2.5221264,NISQAv2
sp05_restaurant_sn10.wav,1.8208706,1.5140922,4.300321,2.4820426,3.6217613,NISQAv2
sp26_babble_sn10.wav,1.8201442,1.5192664,4.3537602,2.8205569,2.8370569,NISQAv2
sp09_exhibition_sn10.wav,1.8194339,1.5661244,3.98649,1.8916103,2.1496634,NISQAv2
sp23_restaurant_sn10.wav,1.8174917,1.5449642,4.1052136,2.212167,2.93728,NISQAv2
sp06_restaurant_sn10.wav,1.8148123,1.5991563,4.0456705,2.23149,2.2685714,NISQAv2
sp09_car_sn15.wav,1.8128995,1.7032325,4.0956283,2.0067737,2.5064304,NISQAv2
sp23_station_sn15.wav,1.812209,1.4815023,4.145852,2.258423,3.1578681,NISQAv2
sp09_restaurant_sn10.wav,1.8098223,1.6204863,4.004786,2.121669,2.6008794,NISQAv2
sp11_babble_sn15.wav,1.8069085,1.2918698,4.116035,2.4065292,3.1058404,NISQAv2
sp17_exhibition_sn15.wav,1.8044263,1.4078376,3.937445,2.1124275,2.2803998,NISQAv2
sp08_street_sn10.wav,1.8027244,1.5828813,4.2998238,2.7986414,2.7369645,NISQAv2
sp25_restaurant_sn10.wav,1.7984941,1.2726712,4.018748,2.3462412,2.7628756,NISQAv2
sp13_airport_sn15.wav,1.7966373,1.5902741,4.309894,2.2537847,3.1335006,NISQAv2
sp05_station_sn15.wav,1.7962896,1.5745726,4.238368,2.5689876,3.6900256,NISQAv2
sp14_street_sn15.wav,1.7959844,1.3922195,4.2603173,2.4386332,2.6845546,NISQAv2
sp26_station_sn15.wav,1.7957946,1.6869525,4.209543,2.8805108,3.0599916,NISQAv2
sp04_babble_sn10.wav,1.7945734,1.772001,4.2858925,2.865949,3.267275,NISQAv2
sp14_restaurant_sn10.wav,1.7927877,1.4390291,4.180874,2.2514946,3.087642,NISQAv2
sp10_babble_sn10.wav,1.7887306,1.6434975,4.1950555,2.633694,2.983421,NISQAv2
sp18_station_sn15.wav,1.7675298,1.5776495,4.0893373,2.3445308,2.735362,NISQAv2
sp10_exhibition_sn10.wav,1.7662965,1.4412323,3.974417,2.3273063,2.3204932,NISQAv2
sp15_babble_sn10.wav,1.7658316,1.5716003,3.9490857,2.7706957,2.5852263,NISQAv2
sp28_street_sn10.wav,1.7642967,1.6959041,4.0440507,2.5079083,2.706567,NISQAv2
sp23_station_sn10.wav,1.7642856,1.7986006,4.0667634,2.3085868,3.1645873,NISQAv2
sp02_babble_sn10.wav,1.760621,1.5967628,4.337919,2.719652,2.3940842,NISQAv2
sp23_babble_sn10.wav,1.7597374,1.5629267,4.181069,2.2185593,2.846199,NISQAv2
sp27_exhibition_sn10.wav,1.7560998,1.3697512,4.066499,2.282632,2.8272498,NISQAv2
sp15_restaurant_sn10.wav,1.7555295,1.5072123,3.9401948,2.702802,2.7813463,NISQAv2
sp16_street_sn10.wav,1.7535903,1.547908,4.0858617,2.0898879,3.0936425,NISQAv2
sp21_airport_sn10.wav,1.753355,1.4988341,4.00179,2.3193626,3.092349,NISQAv2
sp03_train_sn10.wav,1.7478918,1.4557183,4.128607,2.2785547,2.4902275,NISQAv2
sp08_babble_sn10.wav,1.7455971,1.5707263,4.389921,2.6142704,2.56406,NISQAv2
sp17_street_sn15.wav,1.7427018,1.6337694,4.0792174,2.5695503,2.4503412,NISQAv2
sp28_babble_sn10.wav,1.7423501,1.4742966,4.1785173,2.5205865,2.71295,NISQAv2
sp14_station_sn15.wav,1.7418374,1.4722753,4.3042855,2.463396,3.2184877,NISQAv2
sp11_airport_sn15.wav,1.7379825,1.3461313,4.186581,2.3889177,3.1602721,NISQAv2
sp04_street_sn15.wav,1.7378784,1.402848,4.2637987,2.9035733,3.3984354,NISQAv2
sp21_station_sn10.wav,1.7373433,1.65276,3.9827087,2.5340328,3.2342725,NISQAv2
sp06_airport_sn10.wav,1.7324082,1.7690767,4.048817,2.2496142,2.5550404,NISQAv2
sp20_babble_sn10.wav,1.7304487,1.7116016,4.1044674,2.2585711,2.5897653,NISQAv2
sp17_car_sn15.wav,1.7244033,1.6166081,3.8789558,2.3228345,2.204591,NISQAv2
sp18_street_sn10.wav,1.7227396,1.5307441,4.098986,2.4146435,2.7105143,NISQAv2
sp25_exhibition_sn10.wav,1.7203137,1.187118,3.9511356,2.0885801,2.4251177,NISQAv2
sp22_babble_sn10.wav,1.7149657,1.4021573,4.0699577,2.2550662,2.515598,NISQAv2
sp10_restaurant_sn10.wav,1.7107626,1.5065484,4.2101994,2.4723647,2.7018573,NISQAv2
sp30_restaurant_sn10.wav,1.7100558,1.5386353,3.9116743,2.5704565,2.9200275,NISQAv2
sp15_street_sn10.wav,1.7068833,1.4527043,4.010383,2.849364,2.29447,NISQAv2
sp13_babble_sn15.wav,1.7061968,1.5077164,4.3074965,2.4276526,3.3242075,NISQAv2
sp17_station_sn15.wav,1.6999743,1.5676324,4.0070257,2.6226933,2.2398014,NISQAv2
sp26_airport_sn10.wav,1.6998469,1.7688364,4.4059215,3.0689154,2.8171299,NISQAv2
sp28_car_sn10.wav,1.6996609,1.7000535,3.8977787,2.6179636,2.5792322,NISQAv2
sp26_restaurant_sn10.wav,1.6910583,1.6698462,4.168626,2.970579,2.9057167,NISQAv2
sp19_restaurant_sn10.wav,1.6894768,1.4378657,4.271328,2.395726,3.0344107,NISQAv2
sp23_exhibition_sn10.wav,1.684967,1.3274627,3.95117,2.1823378,2.7883854,NISQAv2
sp21_train_sn10.wav,1.6843785,1.4215603,4.001064,2.354682,2.9806516,NISQAv2
sp27_train_sn10.wav,1.675681,1.5731323,4.2848477,2.3615227,3.2421348,NISQAv2
sp02_street_sn10.wav,1.6742463,1.4961778,4.180543,2.7210245,2.5980716,NISQAv2
sp27_babble_sn10.wav,1.674219,1.6331469,4.2808247,2.6644428,2.8276598,NISQAv2
sp11_street_sn15.wav,1.6721721,1.2889163,3.8445108,2.4485774,2.981407,NISQAv2
sp07_train_sn10.wav,1.6687342,1.3972852,4.399802,2.5592537,2.442262,NISQAv2
sp01_street_sn10.wav,1.6682384,1.2872778,4.2708893,2.5594146,3.1722145,NISQAv2
sp16_street_sn15.wav,1.662968,1.5870826,4.2184715,2.4838824,3.1077,NISQAv2
sp01_babble_sn10.wav,1.6601515,1.4080231,4.389244,2.554763,3.0863383,NISQAv2
sp29_street_sn10.wav,1.6541632,1.8406974,4.232708,3.0584934,2.7833703,NISQAv2
sp24_station_sn15.wav,1.6538607,1.1492877,3.9963636,2.4561307,2.8480132,NISQAv2
sp29_airport_sn5.wav,1.6523689,1.6766309,4.4800506,2.5985086,3.5378191,NISQAv2
sp17_station_sn5.wav,1.6497408,1.6422467,3.8592858,2.3956332,2.2567053,NISQAv2
sp11_car_sn15.wav,1.6484411,1.3314087,4.0624576,2.4583466,2.897642,NISQAv2
sp08_exhibition_sn10.wav,1.6453763,1.287952,4.156591,2.369528,2.559622,NISQAv2
sp27_exhibition_sn5.wav,1.6452539,1.7391791,4.027497,2.3101602,2.9037414,NISQAv2
sp14_exhibition_sn10.wav,1.6435858,1.1936636,4.0981197,2.2178595,2.4847155,NISQAv2
sp21_restaurant_sn10.wav,1.643001,1.4285593,4.1482387,2.3090892,2.9241238,NISQAv2
sp16_car_sn15.wav,1.6379069,1.6929268,4.0631957,2.1617703,3.5266178,NISQAv2
sp13_station_sn15.wav,1.6339674,1.4672035,4.1567388,2.5464113,3.2458766,NISQAv2
sp20_exhibition_sn10.wav,1.6321683,1.6032205,3.955084,1.9612254,3.0346348,NISQAv2
sp22_airport_sn10.wav,1.631667,1.470952,3.9759495,2.4082463,2.8763678,NISQAv2
sp03_babble_sn10.wav,1.6306621,1.5421867,4.2292204,2.5973444,2.577518,NISQAv2
sp19_babble_sn15.wav,1.6286712,1.5221101,4.1343575,2.21374,3.0053058,NISQAv2
sp09_airport_sn10.wav,1.6281747,1.6442184,4.1386065,2.2425802,2.4484782,NISQAv2
sp17_exhibition_sn10.wav,1.6227281,1.5044122,3.7901628,1.9726062,2.03647,NISQAv2
sp20_train_sn10.wav,1.6207417,1.5920391,3.8939075,1.909683,2.8728907,NISQAv2
sp24_babble_sn10.wav,1.6199694,1.45273,4.1653686,2.221257,2.6411726,NISQAv2
sp05_street_sn10.wav,1.6191864,1.699978,4.253372,2.6600025,3.278014,NISQAv2
sp19_airport_sn15.wav,1.6191622,1.5074325,4.371807,2.2180374,3.2224722,NISQAv2
sp01_restaurant_sn5.wav,1.6094009,1.4432611,4.2804947,2.5637608,2.893789,NISQAv2
sp13_exhibition_sn10.wav,1.6079463,1.4550848,4.0287213,2.4109504,2.9589143,NISQAv2
sp29_car_sn10.wav,1.5993804,1.8181684,4.4392834,2.9478073,3.2968407,NISQAv2
sp12_street_sn10.wav,1.5993613,1.446985,4.0263834,2.7469614,2.2726207,NISQAv2
sp17_airport_sn10.wav,1.5983434,1.6672516,3.857731,2.4490855,2.2648668,NISQAv2
sp04_street_sn10.wav,1.5961959,1.6750239,3.9580076,2.4666305,3.074062,NISQAv2
sp14_train_sn10.wav,1.5929273,1.3012625,4.039584,2.3597367,2.3027112,NISQAv2
sp12_street_sn15.wav,1.5909146,1.3397864,3.9686916,2.5728257,2.855499,NISQAv2
sp15_airport_sn10.wav,1.5865229,1.6371568,4.0012565,2.7585406,2.6867483,NISQAv2
sp07_restaurant_sn5.wav,1.5834137,1.6535808,4.218404,2.3862402,2.7628138,NISQAv2
sp11_airport_sn10.wav,1.5824475,1.2927241,3.9493072,2.4189994,2.8249044,NISQAv2
sp05_exhibition_sn10.wav,1.5812615,1.3102702,3.824041,2.2636015,2.7934697,NISQAv2
sp05_babble_sn10.wav,1.580196,1.7222364,4.1437974,2.5797968,3.5449274,NISQAv2
sp11_station_sn15.wav,1.5786991,1.2689195,3.9100604,2.432095,3.0110412,NISQAv2
sp21_car_sn10.wav,1.5778548,1.6350014,3.7433534,2.0836434,2.2916272,NISQAv2
sp06_exhibition_sn10.wav,1.5759298,1.5837874,3.8963816,1.7906688,2.4323392,NISQAv2
sp02_airport_sn10.wav,1.5749797,1.6026316,3.8658478,2.5683742,2.3589325,NISQAv2
sp14_car_sn15.wav,1.5724777,1.3887038,4.1148124,2.33289,2.6280482,NISQAv2
sp03_street_sn10.wav,1.5712131,1.6844041,3.981743,2.4401963,2.4050922,NISQAv2
sp25_airport_sn5.wav,1.5705209,1.4038339,3.8314993,2.08915,2.4622397,NISQAv2
sp11_exhibition_sn5.wav,1.5664705,1.4444933,4.199058,2.6391695,3.0329459,NISQAv2
sp10_airport_sn10.wav,1.5644407,1.8117945,4.254691,2.6405032,3.174091,NISQAv2
sp26_car_sn10.wav,1.5643402,1.828882,4.0436406,2.705723,2.4607046,NISQAv2
sp06_babble_sn5.wav,1.5635952,1.7652862,3.9581478,2.2625315,2.128022,NISQAv2
sp03_restaurant_sn10.wav,1.5609947,1.6253464,4.2383924,2.461559,2.6802254,NISQAv2
sp05_exhibition_sn5.wav,1.5609286,1.7158422,3.8793466,2.1217773,2.8001466,NISQAv2
sp17_restaurant_sn10.wav,1.5608387,1.4363592,4.0009737,2.4526942,2.0800295,NISQAv2
sp04_airport_sn10.wav,1.5605098,1.9168367,4.406457,2.7331173,3.3017652,NISQAv2
sp06_car_sn10.wav,1.5593606,1.7195268,3.9959378,2.1230702,2.2519467,NISQAv2
sp24_train_sn10.wav,1.5592474,1.1884899,3.7814965,2.1674314,1.9957548,NISQAv2
sp20_car_sn10.wav,1.5588756,1.7006625,3.9115324,2.133638,2.7030272,NISQAv2
sp30_babble_sn10.wav,1.5559715,1.3824577,3.9588199,2.4249392,2.5590193,NISQAv2
sp24_airport_sn10.wav,1.5553151,1.1893585,4.101262,2.397661,2.8192966,NISQAv2
sp27_airport_sn10.wav,1.5546747,1.7197657,4.2188373,2.6784613,3.1021671,NISQAv2
sp15_train_sn10.wav,1.553378,1.3134935,3.8877034,2.2465014,2.0294924,NISQAv2
sp22_exhibition_sn5.wav,1.5506985,1.3931001,3.7775311,2.254413,2.1965861,NISQAv2
sp23_street_sn10.wav,1.5502546,1.6303306,4.2641315,2.75333,2.3312364,NISQAv2
sp19_street_sn15.wav,1.5487005,1.0469121,4.1919885,2.6037,3.288055,NISQAv2
sp26_train_sn10.wav,1.5476779,1.6334984,4.0628514,2.3421147,2.7051792,NISQAv2
sp16_exhibition_sn10.wav,1.5461738,1.4362508,3.9702013,2.2385044,3.229448,NISQAv2
sp30_train_sn10.wav,1.5459678,1.5599974,3.7841694,2.1852725,2.6650367,NISQAv2
sp29_station_sn10.wav,1.5434355,1.8498749,4.371267,2.7628012,2.8073637,NISQAv2
sp29_train_sn10.wav,1.5425869,1.5088179,4.195269,2.321828,3.3618891,NISQAv2
sp11_train_sn10.wav,1.5423045,1.3896565,4.087796,2.446965,2.777821,NISQAv2
sp22_train_sn10.wav,1.5402735,1.3476409,3.8203907,2.0964699,1.9246116,NISQAv2
sp24_restaurant_sn10.wav,1.5365065,1.1237592,3.9300978,2.1998467,2.5044854,NISQAv2
sp10_street_sn10.wav,1.5345002,1.5858135,4.0847516,2.7226245,2.4822197,NISQAv2
sp25_babble_sn10.wav,1.5331503,1.5910789,3.9701002,2.1550322,2.4923234,NISQAv2
sp13_restaurant_sn10.wav,1.532923,1.5133185,4.293415,2.5901191,3.0601332,NISQAv2
sp08_airport_sn10.wav,1.5328288,1.6280705,4.333961,2.450836,2.831806,NISQAv2
sp18_airport_sn10.wav,1.5308915,1.7231942,3.7739372,2.350329,3.186521,NISQAv2
sp02_car_sn10.wav,1.5301834,1.4960034,4.07484,2.620841,2.2961223,NISQAv2
sp09_train_sn10.wav,1.5292013,1.4290044,3.8456173,1.7693664,1.8883697,NISQAv2
sp18_babble_sn10.wav,1.5287151,1.5965116,4.132533,2.3506606,2.668458,NISQAv2
sp21_babble_sn10.wav,1.527572,1.5998192,3.8021085,2.1605074,2.5171256,NISQAv2
sp17_street_sn10.wav,1.527245,1.5638686,3.8592308,2.51457,2.0934432,NISQAv2
sp08_train_sn10.wav,1.526323,1.3439733,4.1490364,2.2077656,2.2459748,NISQAv2
sp22_exhibition_sn10.wav,1.5234301,1.236706,3.603054,1.925843,1.9853058,NISQAv2
sp10_station_sn10.wav,1.5230289,1.7574066,4.2211943,2.5056589,2.3700323,NISQAv2
sp06_train_sn10.wav,1.522565,1.654829,3.9614525,1.9156579,2.2331975,NISQAv2
sp20_station_sn10.wav,1.5215857,1.6864264,3.958194,2.1305726,2.6307747,NISQAv2
sp06_station_sn10.wav,1.521253,1.7554095,4.03262,2.1415927,2.325627,NISQAv2
sp21_street_sn10.wav,1.5209843,1.4655076,3.7786725,2.3872192,2.496267,NISQAv2
sp06_street_sn10.wav,1.5198888,1.7478381,3.8192003,1.9737234,2.3074458,NISQAv2
sp02_train_sn10.wav,1.51938,1.4776196,3.945586,2.1604295,2.1947918,NISQAv2
sp01_car_sn10.wav,1.5186342,1.5190154,4.098994,2.2856092,2.8448389,NISQAv2
sp04_station_sn10.wav,1.5174071,1.891142,4.158432,2.6413379,2.9259596,NISQAv2
sp26_street_sn10.wav,1.5141085,1.6837621,3.9273899,2.627279,2.5182853,NISQAv2
sp20_restaurant_sn10.wav,1.5137435,1.6975573,3.8564682,2.0579922,2.7523248,NISQAv2
sp20_airport_sn10.wav,1.5133466,1.748517,4.146521,2.3771229,2.6986527,NISQAv2
sp04_car_sn10.wav,1.5130836,1.6966074,4.045808,2.5285437,2.6746576,NISQAv2
sp20_street_sn10.wav,1.5121629,1.6297823,3.9350255,2.023556,2.8508613,NISQAv2
sp15_exhibition_sn10.wav,1.511797,1.3272556,3.8995564,2.3069935,2.4909403,NISQAv2
sp28_airport_sn5.wav,1.5113117,1.7695795,4.0950975,2.3472168,2.8721297,NISQAv2
sp22_street_sn10.wav,1.5111948,1.3441359,3.719295,2.08649,2.0319047,NISQAv2
sp24_exhibition_sn10.wav,1.5094756,1.1018591,3.7065058,1.9528816,2.0043452,NISQAv2
sp03_exhibition_sn10.wav,1.5087521,1.5797551,4.216982,2.0490828,2.4470553,NISQAv2
sp17_babble_sn10.wav,1.5055599,1.5422858,4.113222,2.5175898,2.0177588,NISQAv2
sp30_station_sn10.wav,1.5034221,1.7248524,4.0571084,2.57456,2.4950972,NISQAv2
sp25_train_sn10.wav,1.5000288,1.3952607,3.9496455,2.2491014,2.8397737,NISQAv2
sp27_street_sn10.wav,1.4991095,1.3621085,4.0130706,2.5673795,2.9953063,NISQAv2
sp11_restaurant_sn10.wav,1.4968649,1.4070451,4.0305643,2.4599252,2.700434,NISQAv2
sp04_airport_sn5.wav,1.4963363,1.8929,4.0526032,2.5959132,2.1586032,NISQAv2
sp28_station_sn10.wav,1.4909326,1.7240362,3.9284055,2.5072548,2.6055932,NISQAv2
sp01_station_sn10.wav,1.475186,1.4219395,4.1429577,2.5474439,2.7259712,NISQAv2
sp11_street_sn10.wav,1.4744564,1.2195739,3.9062178,2.5766737,2.636907,NISQAv2
sp10_train_sn10.wav,1.4739218,1.5023282,4.024229,2.3234887,2.194077,NISQAv2
sp27_station_sn10.wav,1.4734379,1.9559087,4.1960373,2.4613817,2.8020613,NISQAv2
sp11_exhibition_sn10.wav,1.4730349,1.2511134,4.0387564,2.4571679,2.5854843,NISQAv2
sp10_babble_sn5.wav,1.4712969,1.8141918,4.158023,2.4330268,2.1554258,NISQAv2
sp07_airport_sn5.wav,1.4703473,1.6734996,4.2097917,2.330332,2.176673,NISQAv2
sp14_airport_sn10.wav,1.466561,1.5396141,4.0698867,2.4247603,2.771393,NISQAv2
sp08_babble_sn5.wav,1.466157,1.6525726,4.145723,2.4122677,2.2169652,NISQAv2
sp30_exhibition_sn10.wav,1.4657916,1.3883039,3.6723595,2.3071623,2.9176457,NISQAv2
sp15_station_sn10.wav,1.4649588,1.6343701,3.8420649,2.5783608,2.38458,NISQAv2
sp16_restaurant_sn10.wav,1.4622326,1.5758685,4.082129,2.130131,3.2824621,NISQAv2
sp04_station_sn5.wav,1.4611515,1.7100244,3.7652254,2.423993,2.8568795,NISQAv2
sp30_car_sn10.wav,1.4597776,1.6063155,3.629528,2.212661,2.3536637,NISQAv2
sp26_babble_sn5.wav,1.4525455,1.7216371,4.0323524,2.517437,2.0506618,NISQAv2
sp15_street_sn5.wav,1.4522835,1.6900575,3.936899,2.3794236,2.1896305,NISQAv2
sp05_train_sn10.wav,1.450322,1.3643903,3.960528,2.3741806,2.3115358,NISQAv2
sp08_station_sn10.wav,1.4447025,1.6280235,4.101015,2.3598735,2.783099,NISQAv2
sp14_street_sn10.wav,1.4424381,1.3726399,3.901819,2.3933103,2.2903006,NISQAv2
sp12_station_sn10.wav,1.44076,1.6625929,3.9992392,2.543472,2.5364544,NISQAv2
sp05_babble_sn5.wav,1.4400394,1.8090844,4.082675,2.520928,2.5334113,NISQAv2
sp04_babble_sn5.wav,1.4390596,1.6870215,3.9635563,2.653122,2.855881,NISQAv2
sp28_street_sn5.wav,1.4390442,1.5968134,3.9735706,2.3038936,2.2412245,NISQAv2
sp26_exhibition_sn10.wav,1.438813,1.6148254,4.011375,2.5777097,2.6783981,NISQAv2
sp15_car_sn10.wav,1.4381548,1.4400711,3.8417354,2.561684,2.3403766,NISQAv2
sp28_babble_sn5.wav,1.4368027,1.8235373,3.883578,2.5358813,2.3269105,NISQAv2
sp16_babble_sn10.wav,1.4360805,1.6210715,3.944898,2.182642,2.7195344,NISQAv2
sp12_babble_sn10.wav,1.4328042,1.4773179,3.951228,2.3171787,2.315559,NISQAv2
sp28_train_sn10.wav,1.4311483,1.5379217,3.827564,2.233516,2.5073779,NISQAv2
sp29_restaurant_sn5.wav,1.4306617,1.677363,4.3010645,2.863994,2.970319,NISQAv2
sp13_street_sn15.wav,1.4269347,1.3442667,4.0739164,2.7332008,3.257089,NISQAv2
sp19_babble_sn10.wav,1.4259554,1.5412295,4.1536427,2.2902079,2.637867,NISQAv2
sp23_airport_sn10.wav,1.4222234,1.700861,4.101089,2.4499383,2.574248,NISQAv2
sp19_exhibition_sn10.wav,1.4206376,1.410583,3.7086642,2.2505488,2.789253,NISQAv2
sp08_car_sn10.wav,1.4199755,1.565946,4.0650105,2.1392345,2.4703531,NISQAv2
sp09_airport_sn5.wav,1.418845,1.6605206,3.7624342,2.065505,2.5464313,NISQAv2
sp18_exhibition_sn10.wav,1.4147117,1.4242316,3.6568472,1.9668971,2.200479,NISQAv2
sp29_babble_sn5.wav,1.413834,1.7990193,4.259756,2.7558188,2.7155964,NISQAv2
sp29_street_sn5.wav,1.411847,1.860316,4.121839,2.7042506,2.4240515,NISQAv2
sp08_restaurant_sn5.wav,1.4032027,1.486948,4.01557,2.136408,2.322406,NISQAv2
sp15_airport_sn5.wav,1.4001219,1.4420547,3.5859811,2.3986416,2.2818313,NISQAv2
sp13_babble_sn10.wav,1.3983237,1.6470083,4.0021734,2.6245637,2.4181123,NISQAv2
sp11_car_sn10.wav,1.398078,1.5289688,3.9001615,2.3757255,2.2977793,NISQAv2
sp13_street_sn10.wav,1.3977087,1.569437,4.0064178,2.508302,2.6199703,NISQAv2
sp09_street_sn5.wav,1.3951434,1.6519505,3.8976862,1.9309895,2.161943,NISQAv2
sp03_station_sn10.wav,1.3901498,1.6592792,3.5381665,2.4050379,2.824713,NISQAv2
sp05_car_sn10.wav,1.386985,1.7856735,4.0174375,2.301143,2.9976344,NISQAv2
sp16_train_sn10.wav,1.3860295,1.408486,4.12728,2.2540104,3.2701151,NISQAv2
sp01_airport_sn10.wav,1.3837899,1.2043498,4.229144,2.731037,3.0316772,NISQAv2
sp16_exhibition_sn5.wav,1.3832264,1.6214478,4.105484,2.2839975,3.1558554,NISQAv2
sp02_airport_sn5.wav,1.3817707,1.5835955,3.8955839,2.3938663,1.9940159,NISQAv2
sp30_street_sn5.wav,1.3777181,1.6576875,3.7351997,2.201143,2.3170965,NISQAv2
sp22_car_sn10.wav,1.3750901,1.3421814,3.9194748,2.3863935,2.1498091,NISQAv2
sp02_babble_sn0.wav,1.3747422,1.7496929,3.7328556,2.272575,2.0697803,NISQAv2
sp17_babble_sn5.wav,1.3743091,1.5987842,3.8632686,2.2617612,1.9137322,NISQAv2
sp17_station_sn10.wav,1.3739187,1.5453184,3.9146028,2.3839931,2.0088372,NISQAv2
sp15_babble_sn5.wav,1.3719419,1.5550432,3.615798,2.405471,2.0586107,NISQAv2
sp16_airport_sn10.wav,1.3711059,1.7542424,3.865534,2.005975,3.5619128,NISQAv2
sp18_station_sn10.wav,1.3705115,1.5942461,4.165065,2.4041758,2.3652098,NISQAv2
sp25_station_sn10.wav,1.3695166,1.4304503,3.7571788,1.9513137,2.1934364,NISQAv2
sp10_babble_sn0.wav,1.3686786,1.8144101,3.8941166,2.4048755,2.0782526,NISQAv2
sp20_babble_sn5.wav,1.367667,1.5429331,3.9387891,2.507934,2.3028626,NISQAv2
sp06_restaurant_sn5.wav,1.3676298,1.7551465,3.8652203,1.9035681,2.25159,NISQAv2
sp16_car_sn10.wav,1.3658531,1.6620188,3.858167,1.913807,2.7986753,NISQAv2
sp15_babble_sn0.wav,1.3658463,1.6644201,3.6666882,2.3355043,2.0175946,NISQAv2
sp28_exhibition_sn10.wav,1.365611,1.3557274,3.8248448,2.3311148,2.6191175,NISQAv2
sp04_street_sn0.wav,1.3648866,1.724972,3.806764,2.1719317,2.155532,NISQAv2
sp15_restaurant_sn5.wav,1.3627493,1.5388339,3.820851,2.4099767,2.4935992,NISQAv2
sp30_street_sn10.wav,1.362143,1.6235954,3.5676486,2.2002718,2.5151277,NISQAv2
sp28_station_sn5.wav,1.3615035,1.7583016,3.7994447,2.5142395,2.4389489,NISQAv2
sp09_car_sn10.wav,1.3605483,1.5988328,3.918701,1.8167685,2.0044556,NISQAv2
sp24_restaurant_sn5.wav,1.360354,1.3574383,3.6875193,2.2505682,2.3887339,NISQAv2
sp11_street_sn0.wav,1.3564153,1.8210716,3.9245648,2.2708144,2.2369134,NISQAv2
sp08_airport_sn5.wav,1.3559558,1.7333765,3.9444892,2.3568058,2.3371127,NISQAv2
sp29_car_sn5.wav,1.3554189,1.7208395,4.112157,2.718306,2.4987454,NISQAv2
sp09_restaurant_sn5.wav,1.3551741,1.6410137,3.707366,1.8950245,2.2268488,NISQAv2
sp05_babble_sn0.wav,1.3550024,1.8145775,3.9754949,2.297702,2.1199281,NISQAv2
sp07_babble_sn5.wav,1.3540264,1.6037693,4.2027397,2.4729567,1.9707918,NISQAv2
sp20_restaurant_sn5.wav,1.3515763,1.7541926,3.375512,2.0872488,3.0360403,NISQAv2
sp02_restaurant_sn5.wav,1.3499994,1.5195339,3.858311,2.2483046,2.0189533,NISQAv2
sp17_restaurant_sn5.wav,1.3492156,1.5778276,3.8655841,2.2671587,1.9916322,NISQAv2
sp02_babble_sn5.wav,1.3480943,1.5609021,3.885994,2.269148,1.9246167,NISQAv2
sp03_babble_sn5.wav,1.3477169,1.686031,3.9494112,2.6058283,2.111286,NISQAv2
sp09_station_sn10.wav,1.347112,1.598228,3.5163963,2.143043,1.8998684,NISQAv2
sp10_street_sn5.wav,1.346397,1.7875707,4.0291905,2.285349,2.2028134,NISQAv2
sp06_babble_sn0.wav,1.3449528,1.7796342,3.7281108,2.202681,2.081886,NISQAv2
sp25_car_sn10.wav,1.3444796,1.416072,3.863635,2.128564,2.4241261,NISQAv2
sp11_street_sn5.wav,1.3443854,1.7240052,3.8078718,2.1857133,2.1689208,NISQAv2
sp09_street_sn10.wav,1.3433316,1.6387964,3.9101186,1.971762,1.9887588,NISQAv2
sp05_station_sn5.wav,1.3431665,1.8697971,3.8873456,2.5200477,3.7765684,NISQAv2
sp05_station_sn10.wav,1.3424574,1.6978779,4.091525,2.5116398,3.092447,NISQAv2
sp11_station_sn10.wav,1.3423563,1.194378,3.8103635,2.4209766,2.7963448,NISQAv2
sp10_car_sn10.wav,1.3405322,1.8029227,4.015249,2.2989867,2.3137693,NISQAv2
sp03_exhibition_sn0.wav,1.3402506,1.7484956,3.9881866,2.1699774,2.3563612,NISQAv2
sp26_station_sn0.wav,1.3361796,1.927773,3.7703824,2.2757022,2.394756,NISQAv2
sp21_airport_sn5.wav,1.3361162,1.6541023,3.720506,2.0932953,2.727948,NISQAv2
sp23_babble_sn0.wav,1.336033,1.7043247,3.749072,2.2341037,2.0447414,NISQAv2
sp21_station_sn5.wav,1.3356053,1.5890045,3.6040995,2.043552,2.4740784,NISQAv2
sp19_street_sn10.wav,1.3350912,1.3499007,3.7963774,2.159386,2.572013,NISQAv2
sp03_car_sn10.wav,1.3349109,1.688604,4.1339855,2.2757893,2.215128,NISQAv2
sp07_car_sn10.wav,1.3327743,1.5963326,4.2612185,2.341942,2.3491588,NISQAv2
sp17_babble_sn0.wav,1.331583,1.7421446,3.794308,2.1932955,2.1108758,NISQAv2
sp05_car_sn5.wav,1.3293997,1.6592575,3.9894445,2.1633768,2.1175811,NISQAv2
sp28_babble_sn0.wav,1.3288586,1.6762967,3.6551285,2.2387333,2.0709012,NISQAv2
sp19_exhibition_sn5.wav,1.3288004,1.460509,3.8015451,1.9844195,2.5167649,NISQAv2
sp18_car_sn10.wav,1.3262745,1.5872142,3.9530883,2.0546117,2.4796329,NISQAv2
sp27_babble_sn5.wav,1.3235406,1.696765,3.8240845,2.3433635,2.1042714,NISQAv2
sp04_exhibition_sn0.wav,1.3235254,1.5902613,4.0280294,2.232672,2.352722,NISQAv2
sp06_train_sn5.wav,1.3211187,1.6857135,3.7833161,1.8419386,2.1067414,NISQAv2
sp11_restaurant_sn5.wav,1.3205475,1.386667,3.8949149,2.2267525,2.540019,NISQAv2
sp09_babble_sn5.wav,1.3199117,1.5991203,3.524,2.0603495,1.8679435,NISQAv2
sp26_street_sn5.wav,1.3183651,1.7557051,3.777141,2.1517892,2.183959,NISQAv2
sp27_car_sn10.wav,1.3179303,1.9515369,4.058563,2.337399,2.4062693,NISQAv2
sp26_street_sn0.wav,1.3179001,1.9215817,3.9513001,2.2172189,2.2683744,NISQAv2
sp12_car_sn10.wav,1.3162247,1.547477,3.9108891,2.2383802,2.2606244,NISQAv2
sp17_car_sn10.wav,1.3160735,1.4921924,3.7197864,2.1733587,1.9267106,NISQAv2
sp10_restaurant_sn5.wav,1.3159002,1.7616987,3.9402382,2.2969897,2.640006,NISQAv2
sp20_street_sn5.wav,1.3151656,1.8133869,3.78101,2.136958,2.4934502,NISQAv2
sp11_babble_sn10.wav,1.3114246,1.444168,3.6306577,2.3624678,2.4005713,NISQAv2
sp10_airport_sn5.wav,1.3111962,1.855671,4.0753255,2.3162606,2.093014,NISQAv2
sp11_babble_sn5.wav,1.3111163,1.5738999,3.8822997,2.4318082,2.0053928,NISQAv2
sp06_airport_sn5.wav,1.3097881,1.9162805,3.8722641,2.1021612,2.1389422,NISQAv2
sp18_babble_sn5.wav,1.3069278,1.6054007,3.6854413,2.207497,2.30503,NISQAv2
sp17_airport_sn0.wav,1.3065253,1.7881467,3.7802866,2.3330345,1.9792114,NISQAv2
sp06_car_sn5.wav,1.3051863,1.7462673,3.8225124,2.0438743,2.0965652,NISQAv2
sp15_station_sn5.wav,1.302174,1.6772417,3.6765296,2.530524,2.4938478,NISQAv2
sp06_exhibition_sn5.wav,1.3013626,1.6779633,3.667572,1.7696326,2.217871,NISQAv2
sp13_airport_sn10.wav,1.3012013,1.6125121,3.9104383,2.2530866,2.699268,NISQAv2
sp30_babble_sn5.wav,1.3004842,1.6311296,3.5458891,2.2273588,2.067385,NISQAv2
sp11_babble_sn0.wav,1.2994093,1.6853815,3.679793,2.2302632,2.0491066,NISQAv2
sp07_station_sn0.wav,1.2983799,1.7404572,3.5981815,2.1395621,1.9811935,NISQAv2
sp12_airport_sn10.wav,1.2962512,1.6100082,3.9021666,2.1472812,2.3648245,NISQAv2
sp02_street_sn5.wav,1.2959155,1.5738333,3.869278,2.2207708,2.0523512,NISQAv2
sp10_car_sn5.wav,1.2956485,1.6595466,4.072001,2.2339947,2.0652392,NISQAv2
sp02_restaurant_sn0.wav,1.2953142,1.7424539,3.700132,2.0324862,2.1187918,NISQAv2
sp17_street_sn0.wav,1.2949182,1.5344996,3.7007344,2.0151622,2.1567285,NISQAv2
sp23_street_sn0.wav,1.2948465,1.7466633,3.8718543,2.2105649,2.4688573,NISQAv2
sp23_train_sn10.wav,1.294607,1.5699631,3.606757,1.7969738,2.685662,NISQAv2
sp10_train_sn5.wav,1.2936497,1.5509775,3.7456894,1.9967717,2.1065984,NISQAv2
sp05_restaurant_sn5.wav,1.2922947,1.6484703,3.2657688,2.2343042,3.2151384,NISQAv2
sp28_street_sn0.wav,1.292175,1.8030841,3.881885,2.1755364,2.1426446,NISQAv2
sp26_restaurant_sn0.wav,1.2908541,1.8103724,3.8124287,2.2567961,2.2140903,NISQAv2
sp23_car_sn10.wav,1.286446,1.5875759,3.61303,1.9938296,2.433279,NISQAv2
sp13_exhibition_sn5.wav,1.286265,1.6146983,3.806821,2.152956,2.7297733,NISQAv2
sp05_airport_sn5.wav,1.2855242,2.0485394,4.049307,2.281427,2.570038,NISQAv2
sp26_train_sn5.wav,1.285368,1.5862095,3.8449667,2.1467063,2.075987,NISQAv2
sp26_babble_sn0.wav,1.2853335,1.7150587,3.7040794,2.3466246,1.9919145,NISQAv2
sp21_babble_sn5.wav,1.2850102,1.61024,3.7496173,2.090374,2.064454,NISQAv2
sp02_station_sn5.wav,1.2846384,1.7282321,3.8843224,2.1798303,2.0523865,NISQAv2
sp09_exhibition_sn5.wav,1.2838569,1.5137138,3.7735198,1.6781282,2.0404303,NISQAv2
sp04_babble_sn0.wav,1.283489,1.7789774,3.7213557,2.2103894,2.0738688,NISQAv2
sp04_street_sn5.wav,1.2831757,1.7922413,3.8876514,2.416563,2.437559,NISQAv2
sp12_street_sn5.wav,1.2804487,1.5680771,3.8638117,2.0684938,2.3212,NISQAv2
sp17_airport_sn5.wav,1.2795435,1.7087526,3.8940403,2.2396545,1.9899054,NISQAv2
sp21_station_sn0.wav,1.279414,1.7823316,3.7782362,2.233464,2.090801,NISQAv2
sp07_babble_sn0.wav,1.279237,1.6987622,3.64771,2.0859196,2.0540218,NISQAv2
sp21_restaurant_sn5.wav,1.2787001,1.5957909,3.5939767,1.8603227,2.1843245,NISQAv2
sp24_car_sn10.wav,1.2733258,1.1027856,3.8281283,2.1774416,2.1266756,NISQAv2
sp05_restaurant_sn0.wav,1.2732974,1.9198349,4.1213226,2.2927344,2.5040941,NISQAv2
sp14_station_sn10.wav,1.2715958,1.5456901,4.0250864,2.4411852,2.3560193,NISQAv2
sp29_exhibition_sn5.wav,1.2713295,1.5514913,4.0561132,2.4710085,3.060768,NISQAv2
sp05_street_sn5.wav,1.2708796,1.8024263,4.0180354,2.2522886,2.197133,NISQAv2
sp10_airport_sn0.wav,1.2703619,1.8681346,3.8299003,2.270887,2.0458298,NISQAv2
sp02_airport_sn0.wav,1.2680786,1.8762803,3.794252,2.1995182,2.114225,NISQAv2
sp12_train_sn10.wav,1.267677,1.3205595,3.9505022,2.3463175,2.479551,NISQAv2
sp06_street_sn5.wav,1.2669175,1.6991671,3.7393317,1.9519768,2.139415,NISQAv2
sp12_station_sn5.wav,1.2664751,1.5684174,3.5001085,2.200024,2.9874587,NISQAv2
sp05_train_sn5.wav,1.2660608,1.6499463,3.8155391,1.9680734,2.2009463,NISQAv2
sp28_train_sn5.wav,1.2645596,1.7623123,3.863121,2.0331159,2.3153534,NISQAv2
sp04_train_sn5.wav,1.2625879,1.6571102,3.7568662,2.047311,2.2489824,NISQAv2
sp10_exhibition_sn5.wav,1.2602619,1.5187647,3.7949317,2.061498,2.1634629,NISQAv2
sp13_train_sn10.wav,1.2600791,1.3624574,4.012273,2.3981848,2.4533386,NISQAv2
sp23_street_sn5.wav,1.2595052,1.6219058,3.8997004,2.3239925,2.301458,NISQAv2
sp30_street_sn0.wav,1.2591003,1.8488467,3.7087624,2.1173642,2.277436,NISQAv2
sp10_station_sn5.wav,1.2576363,1.9140155,4.074235,2.3208091,2.0408802,NISQAv2
sp29_station_sn0.wav,1.2571894,1.7264394,3.7071784,2.5367608,2.2982078,NISQAv2
sp15_train_sn5.wav,1.2568238,1.5978954,3.8583133,1.9545995,2.1280167,NISQAv2
sp30_restaurant_sn5.wav,1.2556794,1.6123291,3.6882727,2.3074524,2.1931527,NISQAv2
sp30_babble_sn0.wav,1.2544261,1.7010704,3.6496878,2.216892,2.0441394,NISQAv2
sp29_train_sn5.wav,1.254088,1.7832594,4.040631,2.381904,2.3441808,NISQAv2
sp29_train_sn0.wav,1.2539511,1.7856722,3.9060535,2.1199834,2.2287912,NISQAv2
sp28_restaurant_sn5.wav,1.2539076,1.6132711,3.6757479,1.9881552,2.2625618,NISQAv2
sp28_restaurant_sn0.wav,1.2538038,1.7437971,3.9421406,2.1494393,2.3490124,NISQAv2
sp29_station_sn5.wav,1.2502168,1.8891594,4.149385,2.5717986,2.2216861,NISQAv2
sp10_exhibition_sn0.wav,1.2492982,1.6604314,3.7063742,2.0248396,2.1541288,NISQAv2
sp13_car_sn5.wav,1.2491223,1.6435592,3.6514847,2.1542222,2.110045,NISQAv2
sp02_car_sn5.wav,1.2472707,1.7237078,3.8270383,2.0674279,1.9904413,NISQAv2
sp21_babble_sn0.wav,1.2454456,1.67557,3.609804,2.0685346,2.013241,NISQAv2
sp23_train_sn5.wav,1.2412409,1.553908,3.772525,1.8736352,2.1366768,NISQAv2
sp27_street_sn5.wav,1.2399961,1.8648192,3.8878849,2.20099,2.1505222,NISQAv2
sp28_train_sn0.wav,1.2388797,1.6823254,3.766898,1.9380852,2.1699846,NISQAv2
sp28_car_sn5.wav,1.2387421,1.7810771,3.9104822,2.3051755,2.1084507,NISQAv2
sp25_street_sn10.wav,1.2381917,1.4131038,3.6864288,2.0569603,2.2178578,NISQAv2
sp03_babble_sn0.wav,1.2372092,1.6936501,3.6895473,2.1958938,1.9611493,NISQAv2
sp17_car_sn5.wav,1.2353777,1.5755152,3.6847694,1.9501193,2.0261064,NISQAv2
sp23_airport_sn0.wav,1.2352076,1.6250515,3.8084898,2.264376,2.5434408,NISQAv2
sp06_airport_sn0.wav,1.2348784,1.7840469,3.5921056,2.1053069,2.0885627,NISQAv2
sp16_station_sn10.wav,1.2341529,1.6757482,3.7218673,2.025645,2.6717794,NISQAv2
sp01_street_sn5.wav,1.2336367,1.5444537,3.4061472,2.2246158,2.5774372,NISQAv2
sp01_babble_sn5.wav,1.2332164,1.4575574,3.455408,2.2257845,2.2129364,NISQAv2
sp12_babble_sn0.wav,1.2313644,1.6878611,3.5722644,2.2065573,2.019694,NISQAv2
sp22_street_sn5.wav,1.2311417,1.4321929,3.489117,1.8717363,1.9084395,NISQAv2
sp05_car_sn0.wav,1.2309331,1.8477948,3.863561,2.0982018,2.1399763,NISQAv2
sp27_station_sn5.wav,1.2305717,1.7528992,3.833485,2.2869632,1.994668,NISQAv2
sp08_babble_sn0.wav,1.2305,1.6877562,3.6337638,2.1029875,2.034957,NISQAv2
sp26_exhibition_sn5.wav,1.2298481,1.6756723,3.7470915,2.0312424,2.30981,NISQAv2
sp18_street_sn5.wav,1.2281979,1.5474576,3.6711395,1.9235103,2.2869651,NISQAv2
sp25_babble_sn0.wav,1.2276927,1.675934,3.5786302,2.1213548,1.9931358,NISQAv2
sp13_station_sn10.wav,1.2255652,1.596188,3.860345,2.4356446,2.91277,NISQAv2
sp18_train_sn10.wav,1.2252462,1.4263525,3.7405174,1.9777944,2.2301044,NISQAv2
sp16_restaurant_sn5.wav,1.2247157,1.7592561,3.7699325,2.1168995,3.2369576,NISQAv2
sp29_babble_sn0.wav,1.22457,1.757681,3.7685378,2.2658658,2.1004663,NISQAv2
sp17_train_sn10.wav,1.2239271,1.4087958,3.7947128,1.9047743,1.9064212,NISQAv2
sp05_street_sn0.wav,1.2235337,1.7335452,3.751108,2.1668677,2.059214,NISQAv2
sp26_station_sn5.wav,1.2232212,1.7313708,3.904014,2.2973068,2.0231037,NISQAv2
sp27_babble_sn0.wav,1.2217685,1.7581817,3.6900394,2.2462356,2.0561316,NISQAv2
sp29_exhibition_sn0.wav,1.2214017,1.7184051,3.8840427,2.003639,2.585525,NISQAv2
sp26_car_sn5.wav,1.2213502,1.6730381,3.828505,2.2371075,2.1416333,NISQAv2
sp22_babble_sn5.wav,1.2213007,1.5277622,3.7215135,2.159669,2.0874631,NISQAv2
sp21_train_sn5.wav,1.2198331,1.6999134,3.8621662,1.9333268,2.3656995,NISQAv2
sp13_station_sn0.wav,1.2176733,1.9364412,3.5760152,2.3013177,2.3061757,NISQAv2
sp09_exhibition_sn0.wav,1.21683,1.5743791,3.7413146,1.776439,2.14923,NISQAv2
sp20_airport_sn5.wav,1.2146668,1.6697458,3.560014,2.1666174,2.3186395,NISQAv2
sp29_airport_sn0.wav,1.212966,1.8193297,3.8098195,2.3204117,2.1221461,NISQAv2
sp04_car_sn5.wav,1.2129459,1.8343068,3.8093948,2.2641835,2.1793232,NISQAv2
sp04_exhibition_sn5.wav,1.2117419,1.4352099,3.6339328,1.9997768,2.2415066,NISQAv2
sp03_train_sn0.wav,1.2095351,1.6325028,3.763191,1.9632859,2.0085835,NISQAv2
sp12_restaurant_sn5.wav,1.2088625,1.6607556,3.6506186,2.0369813,2.4261055,NISQAv2
sp18_restaurant_sn5.wav,1.2082324,1.6044989,3.5454,1.9552007,2.7133002,NISQAv2
sp03_car_sn5.wav,1.2073098,1.6687515,3.835562,2.0931551,1.9771386,NISQAv2
sp14_street_sn5.wav,1.206932,1.5980902,3.6675751,1.8983929,2.219351,NISQAv2
sp26_airport_sn5.wav,1.2048935,1.9079413,3.9389317,2.4374616,2.3506253,NISQAv2
sp13_train_sn5.wav,1.2042906,1.6721711,3.676857,1.9544268,2.0936143,NISQAv2
sp28_airport_sn0.wav,1.2042525,1.8093534,3.7076771,2.1857502,2.066757,NISQAv2
sp06_station_sn5.wav,1.2024587,1.7887712,3.7368228,2.0916326,2.0459304,NISQAv2
sp30_exhibition_sn5.wav,1.2018021,1.6178678,3.5477948,1.882782,2.333054,NISQAv2
sp19_babble_sn5.wav,1.200201,1.5334882,3.4708722,2.0020833,1.8990623,NISQAv2
sp09_car_sn0.wav,1.1997379,1.6940337,3.606023,2.0252228,2.0345032,NISQAv2
sp09_babble_sn0.wav,1.1991663,1.6926347,3.5124223,2.1104488,2.0055838,NISQAv2
sp24_station_sn10.wav,1.198879,1.1253581,3.5337837,2.1430137,2.0980902,NISQAv2
sp07_train_sn5.wav,1.1988477,1.4993199,4.050289,2.041012,2.0313175,NISQAv2
sp08_street_sn5.wav,1.198819,1.6957719,3.909774,2.1717472,2.3630264,NISQAv2
sp24_street_sn10.wav,1.198704,1.0967875,3.3486006,1.8767453,2.0008402,NISQAv2
sp28_station_sn0.wav,1.197487,1.6913579,3.642914,2.1237395,2.0351586,NISQAv2
sp02_station_sn0.wav,1.1972276,1.7665775,3.6799805,2.1641915,1.9831039,NISQAv2
sp27_airport_sn0.wav,1.1963428,1.6734886,3.632831,2.2149124,2.796825,NISQAv2
sp09_train_sn5.wav,1.1961013,1.5108833,3.495756,1.7499313,1.9763455,NISQAv2
sp30_train_sn5.wav,1.1960839,1.6391522,3.6700563,1.8904294,2.1147473,NISQAv2
sp12_airport_sn5.wav,1.1956387,1.7300495,3.6168294,2.2250154,2.1408324,NISQAv2
sp11_car_sn0.wav,1.1954638,1.6188626,3.5814955,2.0010102,2.1434166,NISQAv2
sp19_airport_sn10.wav,1.1953919,1.5838943,3.8837707,2.3129141,2.6846912,NISQAv2
sp17_street_sn5.wav,1.1953055,1.4928205,3.7393515,1.9503856,2.0819955,NISQAv2
sp13_street_sn5.wav,1.1952318,1.623173,3.7224104,2.0582201,2.3676894,NISQAv2
sp07_car_sn5.wav,1.195222,1.6540384,3.8605645,2.0727224,2.0222454,NISQAv2
sp29_car_sn0.wav,1.1937977,1.7341101,3.7897315,2.2141035,2.098066,NISQAv2
sp03_restaurant_sn5.wav,1.1921489,1.6819351,3.7639697,1.9272139,2.1245542,NISQAv2
sp12_babble_sn5.wav,1.1919819,1.6443664,3.7850738,2.3374639,2.1008856,NISQAv2
sp30_airport_sn5.wav,1.1916142,1.7977173,3.7085693,2.2258902,2.1094007,NISQAv2
sp06_train_sn0.wav,1.1913716,1.7724819,3.6973703,1.9142975,2.051934,NISQAv2
sp16_street_sn0.wav,1.1910425,1.7864633,3.7077906,2.0058603,2.2031915,NISQAv2
sp13_car_sn10.wav,1.1893138,1.7138803,3.947641,2.4467647,2.3826666,NISQAv2
sp02_car_sn0.wav,1.1889517,1.7539213,3.6875112,2.0418775,2.0450675,NISQAv2
sp27_car_sn5.wav,1.1887549,1.6977792,3.7468853,2.1452973,2.0780065,NISQAv2
sp03_street_sn5.wav,1.1878437,1.5798391,3.668399,1.9144272,2.0682938,NISQAv2
sp13_babble_sn0.wav,1.1871879,1.7474694,3.5666306,2.185536,2.042186,NISQAv2
sp27_airport_sn5.wav,1.1866754,1.843929,3.6754642,2.314045,2.3748028,NISQAv2
sp10_car_sn0.wav,1.186463,1.6943972,3.6950428,2.0425208,2.0547256,NISQAv2
sp14_airport_sn0.wav,1.185153,1.6262698,4.022274,2.5533917,2.0958562,NISQAv2
sp11_airport_sn5.wav,1.1850314,1.6439736,3.6529124,2.332392,2.4913685,NISQAv2
sp22_babble_sn0.wav,1.1841639,1.6543028,3.5570352,2.1271145,1.9443556,NISQAv2
sp03_restaurant_sn0.wav,1.1833547,1.7532259,3.8495781,2.1345487,2.2201784,NISQAv2
sp15_car_sn5.wav,1.1821165,1.7728605,3.8106554,2.220664,2.041364,NISQAv2
sp09_car_sn5.wav,1.1811508,1.7126096,3.613726,1.9596295,1.9368256,NISQAv2
sp20_babble_sn0.wav,1.180772,1.5873892,3.4374034,2.0914192,2.0003996,NISQAv2
sp27_train_sn0.wav,1.1804084,1.6282656,3.67426,1.9196544,2.00286,NISQAv2
sp19_station_sn0.wav,1.1792874,1.6956941,3.6336005,2.1368,2.7736742,NISQAv2
sp14_babble_sn10.wav,1.1772923,1.3995523,3.844854,2.19793,2.1514049,NISQAv2
sp16_restaurant_sn0.wav,1.1772088,1.6450174,3.4261081,1.8681222,2.6094449,NISQAv2
sp16_babble_sn0.wav,1.1753769,1.66097,3.5730414,2.091852,2.0407214,NISQAv2
sp10_train_sn0.wav,1.1750978,1.5987253,3.7575672,1.9204684,2.0229156,NISQAv2
sp18_car_sn5.wav,1.1727955,1.5366389,3.7080226,1.890164,2.1496544,NISQAv2
sp02_train_sn5.wav,1.1720943,1.464911,3.7513902,1.9205165,1.946766,NISQAv2
sp30_train_sn0.wav,1.1714988,1.7666895,3.725731,1.9785573,2.0922017,NISQAv2
sp09_street_sn0.wav,1.1713928,1.6571498,3.513027,1.975754,2.0096374,NISQAv2
sp11_train_sn5.wav,1.170834,1.5632222,3.7385418,1.980368,2.1213276,NISQAv2
sp23_restaurant_sn5.wav,1.1707871,1.6821743,3.5939054,1.9037883,2.4426215,NISQAv2
sp16_station_sn5.wav,1.168795,1.6529686,3.615488,2.0957596,2.291324,NISQAv2
sp07_station_sn5.wav,1.1673765,1.8001115,4.0897713,2.2779613,2.0572276,NISQAv2
sp04_restaurant_sn5.wav,1.1667473,1.7170273,3.472873,2.230144,2.2975423,NISQAv2
sp10_station_sn0.wav,1.1667029,1.8780801,3.775415,2.2381346,2.0339587,NISQAv2
sp03_airport_sn5.wav,1.16631,1.7762891,3.8065655,2.1861763,2.1498933,NISQAv2
sp06_street_sn0.wav,1.1642793,1.65097,3.5224612,1.915002,2.097645,NISQAv2
sp02_street_sn0.wav,1.1631006,1.6542737,3.433695,1.8022194,2.1784356,NISQAv2
sp30_airport_sn0.wav,1.1629846,1.6710865,3.520926,2.1791682,2.5146976,NISQAv2
sp18_babble_sn0.wav,1.1619834,1.554959,3.473774,1.9170333,2.0432975,NISQAv2
sp26_train_sn0.wav,1.1617781,1.714752,3.686286,1.8981061,2.0748413,NISQAv2
sp07_street_sn5.wav,1.161623,1.5625923,3.67188,1.8263584,2.001402,NISQAv2
sp21_train_sn0.wav,1.1593335,1.7502794,3.63528,1.8489299,2.0753016,NISQAv2
sp25_airport_sn0.wav,1.1582776,1.5613469,3.4656744,1.8403859,2.117775,NISQAv2
sp30_car_sn5.wav,1.1580813,1.7266881,3.6134117,2.0661678,2.0730004,NISQAv2
sp27_restaurant_sn5.wav,1.1573042,1.6604747,3.8849962,2.3621607,2.7076342,NISQAv2
sp26_car_sn0.wav,1.1572971,1.7089146,3.7072468,2.1318905,2.024678,NISQAv2
sp15_restaurant_sn0.wav,1.1565232,1.5601915,3.4244354,2.1230805,2.1329713,NISQAv2
sp08_street_sn0.wav,1.1552788,1.7711858,3.6319146,1.9910933,2.1612315,NISQAv2
sp04_train_sn0.wav,1.1552256,1.7543105,3.6927106,1.9283793,2.0990646,NISQAv2
sp12_car_sn5.wav,1.1547807,1.7205975,3.7221339,2.049193,2.098726,NISQAv2
sp03_exhibition_sn5.wav,1.1547035,1.5117351,3.7558534,1.8511312,2.287982,NISQAv2
sp16_babble_sn5.wav,1.1546134,1.6409228,3.2549489,1.9955482,2.6685395,NISQAv2
sp08_restaurant_sn0.wav,1.1538302,1.6829145,3.5163665,1.8827367,2.1196456,NISQAv2
sp24_babble_sn0.wav,1.1534332,1.6664832,3.5116837,2.1684623,2.0061183,NISQAv2
sp15_station_sn0.wav,1.1519957,1.6963462,3.6035888,2.0945914,2.080826,NISQAv2
sp22_train_sn5.wav,1.1518458,1.3996823,3.7108777,1.8986076,1.948915,NISQAv2
sp13_babble_sn5.wav,1.150767,1.6752071,3.5539544,2.2558866,1.9691023,NISQAv2
sp06_restaurant_sn0.wav,1.1506327,1.7185571,3.5874825,1.9383602,2.0859432,NISQAv2
sp27_car_sn0.wav,1.150365,1.7748039,3.7324598,2.1364796,2.0325634,NISQAv2
sp15_exhibition_sn5.wav,1.1496173,1.541879,3.7254248,1.9825395,2.1742291,NISQAv2
sp13_station_sn5.wav,1.1493254,1.8402617,3.7190754,2.209543,2.0598109,NISQAv2
sp14_exhibition_sn0.wav,1.1490661,1.6195652,3.6470814,1.8477972,2.35725,NISQAv2
sp08_car_sn0.wav,1.1478281,1.7057321,3.626807,2.0283718,2.0491545,NISQAv2
sp28_car_sn0.wav,1.1477307,1.7375115,3.6738436,2.0713892,2.0903537,NISQAv2
sp18_station_sn5.wav,1.1474532,1.6250571,3.644891,2.1097205,2.4711535,NISQAv2
sp17_car_sn0.wav,1.1467326,1.6173592,3.588204,1.9116268,2.0829265,NISQAv2
sp30_station_sn0.wav,1.1460682,1.7592416,3.7201676,2.14638,2.0314076,NISQAv2
sp15_airport_sn0.wav,1.1458997,1.5852419,3.2491488,2.1005456,2.459136,NISQAv2
sp27_train_sn5.wav,1.1456136,1.5662992,3.6804492,1.9079708,2.0762403,NISQAv2
sp19_train_sn10.wav,1.1455071,1.3553076,4.062746,2.313661,2.744012,NISQAv2
sp22_restaurant_sn5.wav,1.1454908,1.5961773,3.6358054,1.8098624,2.2056255,NISQAv2
sp23_babble_sn5.wav,1.1445719,1.6362185,3.6044571,2.0005543,2.0485878,NISQAv2
sp06_car_sn0.wav,1.1441168,1.6651838,3.559269,1.9546931,2.1002936,NISQAv2
sp24_babble_sn5.wav,1.1431404,1.6356834,3.4102767,2.008417,2.2452462,NISQAv2
sp23_car_sn5.wav,1.1423794,1.7515138,3.7383595,2.0130103,2.2155654,NISQAv2
sp26_airport_sn0.wav,1.1422869,1.6286328,3.455001,2.197749,2.2129154,NISQAv2
sp29_street_sn0.wav,1.1417739,1.7988092,3.8556855,2.180106,2.116427,NISQAv2
sp15_exhibition_sn0.wav,1.1386033,1.7332258,3.7082038,1.8909589,2.1339524,NISQAv2
sp21_car_sn5.wav,1.1376513,1.678278,3.5922754,1.9440871,1.9574039,NISQAv2
sp14_babble_sn0.wav,1.137178,1.5542367,3.2919524,2.0553324,1.9360085,NISQAv2
sp15_car_sn0.wav,1.13686,1.5638676,3.5058782,2.018693,2.0749037,NISQAv2
sp02_exhibition_sn5.wav,1.1367165,1.4101125,3.3466609,1.6628544,1.9569162,NISQAv2
sp02_exhibition_sn0.wav,1.1364821,1.5747524,3.467982,1.725856,2.040449,NISQAv2
sp23_airport_sn5.wav,1.1361744,1.7836294,3.8335228,2.0195174,2.1928864,NISQAv2
sp28_exhibition_sn5.wav,1.1360102,1.5503883,3.596697,1.8701491,2.3837185,NISQAv2
sp21_street_sn5.wav,1.1357559,1.620312,3.5149858,1.8176229,2.072857,NISQAv2
sp11_airport_sn0.wav,1.1352352,1.735323,3.5786982,2.0592422,2.074563,NISQAv2
sp04_restaurant_sn0.wav,1.1351821,1.7264094,3.5361576,2.1675243,2.045205,NISQAv2
sp12_train_sn0.wav,1.1349857,1.7132919,3.7475193,1.8849434,2.0751805,NISQAv2
sp04_car_sn0.wav,1.1344626,1.5978478,3.5037231,1.9319474,2.1240299,NISQAv2
sp05_station_sn0.wav,1.1334391,1.8284577,3.8326683,2.138332,2.0125132,NISQAv2
sp03_station_sn5.wav,1.1333832,1.7608942,3.7323341,2.0684507,1.9608626,NISQAv2
sp16_airport_sn5.wav,1.1331396,1.7550076,3.7861545,2.0320244,2.3732662,NISQAv2
sp07_train_sn0.wav,1.1323332,1.5084211,3.4886746,1.794128,1.955174,NISQAv2
sp09_station_sn5.wav,1.1322312,1.6796796,3.5711243,1.9607294,1.9121859,NISQAv2
sp05_airport_sn0.wav,1.1317699,1.9197917,3.8719413,2.1784241,2.0913112,NISQAv2
sp13_street_sn0.wav,1.1314068,1.643298,3.5821443,2.0050795,2.0964487,NISQAv2
sp30_station_sn5.wav,1.1308504,1.7277851,3.5528448,2.2051065,2.0856192,NISQAv2
sp27_street_sn0.wav,1.130515,1.6233492,3.593849,2.0225098,2.074024,NISQAv2
sp07_airport_sn0.wav,1.1295582,1.7798834,3.6778843,2.0534105,2.1193764,NISQAv2
sp13_airport_sn5.wav,1.1295285,1.8208047,3.6620235,2.1767287,2.0842204,NISQAv2
sp20_exhibition_sn0.wav,1.1281008,1.8435496,3.382104,1.7489694,2.5727832,NISQAv2
sp15_train_sn0.wav,1.1273023,1.6895754,3.7335923,1.9812388,2.0702424,NISQAv2
sp05_train_sn0.wav,1.1263443,1.577257,3.671535,1.8487408,2.0597067,NISQAv2
sp24_exhibition_sn0.wav,1.1261057,1.4821062,3.6673143,1.9574242,2.3089983,NISQAv2
sp12_street_sn0.wav,1.1259034,1.7619816,3.6769097,2.0887263,2.2061217,NISQAv2
sp06_station_sn0.wav,1.1255089,1.6487924,3.347823,1.9722215,2.0410993,NISQAv2
sp24_airport_sn5.wav,1.1250812,1.602005,3.5382395,1.9666371,2.2614477,NISQAv2
sp17_train_sn5.wav,1.1241843,1.493878,3.511874,1.7630811,1.9693573,NISQAv2
sp23_car_sn0.wav,1.1235675,1.7001975,3.6109688,1.9882739,2.0552967,NISQAv2
sp19_street_sn0.wav,1.1224775,1.5655606,3.3348792,1.9442586,2.0943713,NISQAv2
sp21_car_sn0.wav,1.1206615,1.6705823,3.5586503,1.9599501,2.0396502,NISQAv2
sp11_car_sn5.wav,1.1202395,1.7469233,3.7771785,2.1658807,2.0986016,NISQAv2
sp22_airport_sn0.wav,1.1164387,1.728611,3.5314333,1.9881012,2.0621696,NISQAv2
sp18_airport_sn5.wav,1.1162,1.785692,3.8107321,2.167543,2.7068675,NISQAv2
sp01_train_sn5.wav,1.115334,1.4032898,3.635659,1.8921793,1.9929991,NISQAv2
sp22_airport_sn5.wav,1.1152908,1.694143,3.8056726,2.1175628,2.1518085,NISQAv2
sp22_car_sn0.wav,1.1139414,1.7123003,3.6461253,2.0076997,2.0391953,NISQAv2
sp12_airport_sn0.wav,1.1130657,1.6833401,3.4145193,2.0457838,2.2525077,NISQAv2
sp19_car_sn10.wav,1.112802,1.3411336,3.9326842,2.1538723,2.609209,NISQAv2
sp08_train_sn0.wav,1.1122895,1.6935018,3.7583692,1.8375005,2.1241562,NISQAv2
sp24_station_sn0.wav,1.1109303,1.6428257,3.477965,2.0312483,2.044899,NISQAv2
sp25_restaurant_sn5.wav,1.110388,1.6001995,3.4397,1.8201826,2.0894964,NISQAv2
sp14_car_sn10.wav,1.1094596,1.5279151,3.6787107,2.1123757,2.0319626,NISQAv2
sp14_airport_sn5.wav,1.1081934,1.7014202,3.6202495,2.1681526,2.2000391,NISQAv2
sp15_street_sn0.wav,1.1081223,1.6102047,3.561859,1.9600506,2.1488166,NISQAv2
sp08_exhibition_sn5.wav,1.1079501,1.443228,3.643122,1.7566261,2.207258,NISQAv2
sp20_car_sn5.wav,1.1071025,1.615307,3.5690782,1.9962869,2.1202137,NISQAv2
sp16_street_sn5.wav,1.1065807,1.6602906,3.5868897,2.0366738,2.4254277,NISQAv2
sp12_car_sn0.wav,1.1063648,1.5830472,3.5827553,1.9466639,2.1041508,NISQAv2
sp21_exhibition_sn5.wav,1.1058854,1.5748873,3.57482,1.6654294,2.3571997,NISQAv2
sp17_station_sn0.wav,1.1052971,1.6832047,3.575909,1.9802055,2.1803067,NISQAv2
sp21_airport_sn0.wav,1.104462,1.7958925,3.6797836,2.0712056,2.0966213,NISQAv2
sp08_airport_sn0.wav,1.1033456,1.7155302,3.4326208,2.0652413,2.0157883,NISQAv2
sp24_car_sn0.wav,1.101956,1.6551819,3.5747445,2.0284228,1.9829769,NISQAv2
sp03_car_sn0.wav,1.101866,1.5999565,3.626074,1.9620459,2.0281992,NISQAv2
sp10_street_sn0.wav,1.1017915,1.7771777,3.7282765,1.9696149,2.2011192,NISQAv2
sp03_airport_sn0.wav,1.1017894,1.8089308,3.5977619,2.1302958,1.9484575,NISQAv2
sp02_train_sn0.wav,1.1013438,1.710151,3.5763342,1.8319466,2.0251734,NISQAv2
sp03_train_sn5.wav,1.1008047,1.6632435,3.773544,1.7984649,2.1732235,NISQAv2
sp08_station_sn5.wav,1.1003995,1.6794673,3.6221445,2.0383132,2.0192235,NISQAv2
sp09_station_sn0.wav,1.0993671,1.6444248,3.467831,2.0226216,2.1138897,NISQAv2
sp12_train_sn5.wav,1.099061,1.5586277,3.8640792,1.9335393,2.1239443,NISQAv2
sp01_airport_sn5.wav,1.098707,1.4072587,3.7919486,2.1881845,2.0972908,NISQAv2
sp25_babble_sn5.wav,1.0986,1.6516557,3.52362,2.0223522,1.9315772,NISQAv2
sp14_train_sn5.wav,1.0983874,1.6021678,3.8977818,1.9315711,2.312278,NISQAv2
sp26_exhibition_sn0.wav,1.0977681,1.709007,3.5182364,1.781881,2.1196845,NISQAv2
sp08_station_sn0.wav,1.0974127,1.7199615,3.5798938,2.060395,2.0558748,NISQAv2
sp19_restaurant_sn5.wav,1.0948561,1.5620687,3.6475737,1.8215965,2.3822224,NISQAv2
sp25_exhibition_sn5.wav,1.094701,1.5519795,3.5157397,1.825031,2.2254357,NISQAv2
sp14_restaurant_sn5.wav,1.0939642,1.4874784,3.4432526,1.8422543,2.103327,NISQAv2
sp10_restaurant_sn0.wav,1.0936103,1.6951346,3.6467092,1.9970213,2.1072807,NISQAv2
sp30_restaurant_sn0.wav,1.0924617,1.6006606,3.3116314,1.9603016,2.2724967,NISQAv2
sp08_car_sn5.wav,1.0917783,1.7895151,3.8185952,2.0121222,2.200291,NISQAv2
sp11_station_sn5.wav,1.0889565,1.7311951,3.6949508,2.1814015,2.0959578,NISQAv2
sp11_station_sn0.wav,1.0887849,1.7066157,3.5164497,2.0059917,2.0356047,NISQAv2
sp18_airport_sn0.wav,1.0884258,1.7015963,3.5502157,2.0773914,2.283806,NISQAv2
sp13_car_sn0.wav,1.0882984,1.5870893,3.4713862,1.978881,2.0426686,NISQAv2
sp01_street_sn0.wav,1.0882069,1.6599169,3.5964763,1.9860439,2.1008046,NISQAv2
sp01_station_sn5.wav,1.0877044,1.4378067,3.562506,2.061677,1.9577864,NISQAv2
sp23_train_sn0.wav,1.0871958,1.6882192,3.735402,1.865923,2.1578186,NISQAv2
sp13_restaurant_sn5.wav,1.0865071,1.7548947,3.5811255,2.1359806,2.066262,NISQAv2
sp25_train_sn5.wav,1.0848035,1.5879167,3.695513,1.8544799,2.1918578,NISQAv2
sp24_street_sn0.wav,1.0838003,1.7143694,3.6231282,2.0274038,2.123495,NISQAv2
sp09_restaurant_sn0.wav,1.0833998,1.5997341,3.3549495,1.8248905,1.9887071,NISQAv2
sp08_train_sn5.wav,1.0832489,1.4530898,3.633598,1.7666676,2.0218906,NISQAv2
sp12_station_sn0.wav,1.0828612,1.6650505,3.631425,2.04675,2.0625892,NISQAv2
sp25_street_sn5.wav,1.0811732,1.6313784,3.418404,1.8384022,2.0290172,NISQAv2
sp11_train_sn0.wav,1.0800674,1.7037472,3.6276433,1.9411173,2.0440092,NISQAv2
sp29_restaurant_sn0.wav,1.0784296,1.7801867,3.7042987,2.1257403,2.3263056,NISQAv2
sp04_airport_sn0.wav,1.078009,1.7283211,3.408952,2.0928285,2.1489418,NISQAv2
sp01_car_sn5.wav,1.0768934,1.3254623,3.7073894,2.1025803,1.9236783,NISQAv2
sp01_restaurant_sn0.wav,1.07527,1.642582,3.4393566,1.9356487,2.2432585,NISQAv2
sp18_restaurant_sn0.wav,1.0722339,1.5487864,3.794246,1.8517383,2.5005448,NISQAv2
sp23_exhibition_sn5.wav,1.0697491,1.5440685,3.5307295,1.8121487,2.2993147,NISQAv2
sp18_train_sn5.wav,1.0678741,1.4391032,3.7733438,1.8913352,2.014569,NISQAv2
sp20_street_sn0.wav,1.0678273,1.5073936,3.3432436,1.9430246,2.0571215,NISQAv2
sp20_station_sn5.wav,1.065697,1.6435901,3.3738492,2.043972,2.2508218,NISQAv2
sp23_restaurant_sn0.wav,1.0647463,1.732752,3.5561051,1.9296634,2.2050724,NISQAv2
sp07_car_sn0.wav,1.0645031,1.6303539,3.537087,1.9324659,2.099688,NISQAv2
sp27_restaurant_sn0.wav,1.063235,1.751896,3.5903893,2.0764368,2.2095094,NISQAv2
sp20_train_sn5.wav,1.0631588,1.6326071,3.3197484,1.7313823,2.5357141,NISQAv2
sp22_restaurant_sn0.wav,1.0629953,1.5470059,3.5192442,1.9754006,2.0416286,NISQAv2
sp06_exhibition_sn0.wav,1.0622038,1.7103908,3.4968972,1.7496841,2.0549247,NISQAv2
sp20_car_sn0.wav,1.0617541,1.6040841,3.3788514,1.934034,2.1052897,NISQAv2
sp13_train_sn0.wav,1.0616589,1.7692672,3.671725,1.8966789,2.0925276,NISQAv2
sp14_car_sn0.wav,1.0592636,1.6465168,3.4697907,1.9435531,2.0554585,NISQAv2
sp09_train_sn0.wav,1.0580443,1.6425327,3.4637449,1.7748322,2.0691378,NISQAv2
sp21_exhibition_sn0.wav,1.057645,1.6413894,3.4887202,1.7051939,2.1039658,NISQAv2
sp24_airport_sn0.wav,1.0571479,1.6601448,3.4345303,2.0004716,2.0433671,NISQAv2
sp30_exhibition_sn0.wav,1.0569698,1.6725707,3.527922,1.7460446,2.1065037,NISQAv2
sp21_street_sn0.wav,1.0566307,1.6754136,3.4238927,1.9461417,2.1352193,NISQAv2
sp24_train_sn5.wav,1.0557113,1.3005004,3.6859605,1.7706056,1.8356967,NISQAv2
sp13_airport_sn0.wav,1.054891,1.8066461,3.5466187,2.0858533,2.083329,NISQAv2
sp09_airport_sn0.wav,1.0526227,1.5189612,3.077972,1.7858312,2.0038984,NISQAv2
sp17_train_sn0.wav,1.0524149,1.6725651,3.5732887,1.8327824,2.0814846,NISQAv2
sp07_restaurant_sn0.wav,1.0522894,1.66356,3.5195904,1.835374,2.123955,NISQAv2
sp19_station_sn10.wav,1.0517617,1.2777385,3.6046066,2.1226096,2.4640343,NISQAv2
sp22_station_sn0.wav,1.0516297,1.6731653,3.5675633,2.0226512,1.9721816,NISQAv2
sp16_car_sn5.wav,1.0504826,1.5879894,3.6035857,1.8670783,2.3345506,NISQAv2
sp19_street_sn5.wav,1.0492092,1.6163329,3.5876653,1.8146312,2.4533906,NISQAv2
sp05_exhibition_sn0.wav,1.0466334,1.7784605,3.713364,1.9316659,2.2479236,NISQAv2
sp20_restaurant_sn0.wav,1.0463451,1.610694,3.2187335,1.8347535,2.3042822,NISQAv2
sp07_exhibition_sn5.wav,1.0457783,1.4219867,3.611482,1.7097182,2.1457741,NISQAv2
sp23_station_sn0.wav,1.0437704,1.6228817,3.5243328,2.014001,2.0013025,NISQAv2
sp19_car_sn5.wav,1.042761,1.5266532,3.5197809,1.7883875,2.0450091,NISQAv2
sp23_station_sn5.wav,1.0420816,1.7971531,3.6568313,2.0177188,2.253963,NISQAv2
sp12_exhibition_sn5.wav,1.0417949,1.3572333,3.6351366,1.931415,2.3026888,NISQAv2
sp08_exhibition_sn0.wav,1.0407617,1.5416418,3.4663048,1.6805998,2.0703166,NISQAv2
sp18_exhibition_sn5.wav,1.0403464,1.5118381,3.4556367,1.619633,2.3461306,NISQAv2
sp30_car_sn0.wav,1.0395954,1.5346488,3.3852782,1.9179786,2.0291708,NISQAv2
sp14_babble_sn5.wav,1.0375972,1.5972184,3.4418952,2.0733776,1.9755906,NISQAv2
sp16_car_sn0.wav,1.0342405,1.6976932,3.56055,1.9657372,2.0938895,NISQAv2
sp17_restaurant_sn0.wav,1.0336014,1.7043868,3.5560687,1.8734788,2.2532883,NISQAv2
sp25_train_sn0.wav,1.0333718,1.7084501,3.6869476,1.8787572,2.0947025,NISQAv2
sp24_exhibition_sn5.wav,1.0329183,1.351338,3.4577458,1.6857187,1.9643124,NISQAv2
sp22_car_sn5.wav,1.0328532,1.5801073,3.5893228,1.9479095,1.9476414,NISQAv2
sp28_exhibition_sn0.wav,1.031684,1.7223635,3.6423705,1.7405115,2.1110141,NISQAv2
sp12_exhibition_sn0.wav,1.029437,1.6306992,3.473203,1.6926996,2.1551032,NISQAv2
sp12_restaurant_sn0.wav,1.0274506,1.6860217,3.5602975,1.9826063,2.1822033,NISQAv2
sp20_exhibition_sn5.wav,1.0269345,1.6117455,3.32758,1.665246,2.5371559,NISQAv2
sp03_street_sn0.wav,1.0257368,1.717373,3.3963132,1.8655027,2.2375982,NISQAv2
sp25_exhibition_sn0.wav,1.0256865,1.5960693,3.3951347,1.7241845,2.0867505,NISQAv2
sp19_babble_sn0.wav,1.0248169,1.5749241,3.2497547,1.8077375,1.9360068,NISQAv2
sp27_station_sn0.wav,1.0245503,1.6939147,3.6536534,2.061016,1.9972545,NISQAv2
sp01_babble_sn0.wav,1.0244489,1.6418015,3.5253367,2.0885222,1.982216,NISQAv2
sp17_exhibition_sn5.wav,1.0228733,1.4294873,3.5456843,1.6934531,2.0510378,NISQAv2
sp22_station_sn5.wav,1.0210427,1.5224223,3.6529777,1.958296,2.0321615,NISQAv2
sp01_exhibition_sn0.wav,1.0197495,1.4669086,3.3071785,1.6822362,2.0397997,NISQAv2
sp01_car_sn0.wav,1.0184677,1.5548075,3.5166917,1.8696331,2.0343754,NISQAv2
sp24_restaurant_sn0.wav,1.0181897,1.6048201,3.3919337,1.8325164,2.0255623,NISQAv2
sp22_street_sn0.wav,1.0179149,1.6674225,3.272932,1.7377813,2.3651333,NISQAv2
sp25_restaurant_sn0.wav,1.0126084,1.6603107,3.721493,1.8702173,2.3703814,NISQAv2
sp01_train_sn0.wav,1.0104649,1.5169467,3.445609,1.7453232,2.0525997,NISQAv2
sp07_street_sn0.wav,1.0101297,1.60709,3.4639895,1.9343327,2.0749793,NISQAv2
sp17_exhibition_sn0.wav,1.0085852,1.4627012,3.3919532,1.6182894,2.0145764,NISQAv2
sp04_station_sn0.wav,1.0063697,1.7810649,3.5310085,2.1274743,2.0010188,NISQAv2
sp25_street_sn0.wav,1.0046431,1.6531464,3.4269767,1.8198471,2.0752554,NISQAv2
sp25_car_sn0.wav,1.0030134,1.7152169,3.4988961,1.9208661,2.0088007,NISQAv2
sp01_station_sn0.wav,1.0019883,1.6179489,3.5329049,2.1416452,2.4078786,NISQAv2
sp18_street_sn0.wav,1.0011482,1.5820019,3.5882666,1.7635537,2.1887975,NISQAv2
sp18_station_sn0.wav,0.9997403,1.5557444,3.4413445,1.8436627,2.0181634,NISQAv2
sp24_car_sn5.wav,0.99951196,1.4379274,3.5217402,1.9506496,2.0287542,NISQAv2
sp14_car_sn5.wav,0.9988544,1.6265031,3.4757252,1.8763249,1.968461,NISQAv2
sp19_exhibition_sn0.wav,0.9945693,1.8114648,3.1920428,1.6395774,2.4995668,NISQAv2
sp21_restaurant_sn0.wav,0.9930094,1.6475534,3.4548383,1.8168807,2.1856415,NISQAv2
sp20_station_sn0.wav,0.9905432,1.6544502,3.3149228,1.945416,2.1538203,NISQAv2
sp24_train_sn0.wav,0.98911554,1.5035243,3.4012558,1.7280204,2.0403771,NISQAv2
sp19_airport_sn5.wav,0.9880336,1.6609917,3.593684,1.9584129,2.097954,NISQAv2
sp03_station_sn0.wav,0.9867187,1.7457585,3.4677045,2.0726407,2.0032375,NISQAv2
sp11_restaurant_sn0.wav,0.98308295,1.6820332,3.4854226,1.9266908,2.084834,NISQAv2
sp13_exhibition_sn0.wav,0.98134655,1.71941,3.4764783,1.8129922,2.0690906,NISQAv2
sp25_car_sn5.wav,0.9758852,1.6873524,3.5480013,1.8531387,1.9791296,NISQAv2
sp07_exhibition_sn0.wav,0.97228736,1.574777,3.605068,1.7017937,2.1950839,NISQAv2
sp22_train_sn0.wav,0.96981007,1.6046855,3.4633987,1.7932703,2.015946,NISQAv2
sp19_car_sn0.wav,0.96785706,1.6153066,3.3228188,1.8418196,2.03513,NISQAv2
sp18_car_sn0.wav,0.9670134,1.4866848,3.3269732,1.7451438,2.187423,NISQAv2
sp13_restaurant_sn0.wav,0.96637654,1.691489,3.3244236,1.9416556,2.0769916,NISQAv2
sp14_train_sn0.wav,0.96328396,1.6556647,3.4969175,1.7388973,2.02857,NISQAv2
sp19_station_sn5.wav,0.963114,1.5925759,3.3649464,1.8136076,2.1825814,NISQAv2
sp16_airport_sn0.wav,0.9614869,1.6827995,3.2887175,1.8898667,2.1475983,NISQAv2
sp23_exhibition_sn0.wav,0.9586831,1.6577321,3.8135402,1.8549542,2.4112236,NISQAv2
sp16_train_sn5.wav,0.9582497,1.6217731,3.6743262,2.0394804,3.2262123,NISQAv2
sp19_restaurant_sn0.wav,0.9578685,1.6593847,3.413911,1.7594867,2.3978622,NISQAv2
sp01_airport_sn0.wav,0.95574325,1.7084097,3.4339712,2.006106,2.0076106,NISQAv2
sp27_exhibition_sn0.wav,0.9557268,1.66623,3.4465656,1.7384164,2.059859,NISQAv2
sp25_station_sn5.wav,0.95508116,1.6577542,3.6119385,1.9250791,1.8778607,NISQAv2
sp11_exhibition_sn0.wav,0.9541757,1.7099304,3.6159527,1.8119386,2.155991,NISQAv2
sp14_restaurant_sn0.wav,0.95366246,1.5919461,3.2538707,1.7817324,2.0798514,NISQAv2
sp20_airport_sn0.wav,0.95188403,1.6766989,3.2789679,1.9756874,2.1268015,NISQAv2
sp22_exhibition_sn0.wav,0.9438615,1.4466968,3.287888,1.5831895,1.9498298,NISQAv2
sp14_street_sn0.wav,0.9388003,1.7057168,3.2447348,1.7043895,2.3074472,NISQAv2
sp24_street_sn5.wav,0.93438846,1.1817746,3.3966053,2.0877378,2.0822499,NISQAv2
sp25_station_sn0.wav,0.93361616,1.6707665,3.4387376,1.8741944,1.9290743,NISQAv2
sp19_airport_sn0.wav,0.92401665,1.6987934,3.350231,1.8560319,2.171175,NISQAv2
sp16_station_sn0.wav,0.92334837,1.7174416,3.4392128,1.8790562,2.2166603,NISQAv2
sp20_train_sn0.wav,0.9160237,1.6126323,3.2864332,1.6867844,2.3833346,NISQAv2
sp19_train_sn0.wav,0.91449404,1.6806695,3.317744,1.7549608,2.179194,NISQAv2
sp14_station_sn0.wav,0.9077384,1.6909655,3.3469017,1.9492925,1.9180933,NISQAv2
sp16_train_sn0.wav,0.89638656,1.6109227,3.58511,1.7852806,2.4581993,NISQAv2
sp18_exhibition_sn0.wav,0.8933534,1.4605161,3.273958,1.574938,2.3163018,NISQAv2
sp14_station_sn5.wav,0.89021075,1.6062887,3.3205168,1.834059,1.8651466,NISQAv2
sp18_train_sn0.wav,0.8877497,1.519728,3.3259184,1.6764015,2.051314,NISQAv2
sp24_station_sn5.wav,0.88418835,1.3414847,3.4957285,2.0338066,1.9317805,NISQAv2
sp19_train_sn5.wav,0.8786445,1.3988175,3.3792064,1.5012578,2.0058627,NISQAv2
sp14_exhibition_sn5.wav,0.8700493,1.4141656,3.3637455,1.5429966,2.3701906,NISQAv2
sp16_exhibition_sn0.wav,0.7191387,1.5984867,3.1301844,1.5636373,2.3039143,NISQAv2
